,S,E,M,D,K,P,T,A,Q,R,V,N,G,H,L,I,Y,F,W,C
0,0.6120512114292822,0.19852869314900537,0.12855099375405366,0.020003020799090207,0.01595515001821364,0.013307508462679803,0.007864739278384405,0.0025428020576972626,0.0006254831057368529,0.00024521780849910707,0.00014215525130383019,0.00011727808232565992,4.975433795634057e-05,8.884703206489387e-06,5.330821923893632e-06,1.7769406412978774e-06,0.0,0.0,0.0,0.0
1,0.0004246888132701927,0.04188426785603227,0.00012616278553214929,1.7769406412978774e-06,0.23325899798317237,0.0011070340195285776,0.00025232557106429857,0.001814256394765133,0.00012260890424955353,0.0029479445239131786,0.0016063543397332812,2.8431050260766038e-05,0.0,0.0,0.7164038275301413,2.132328769557453e-05,0.0,0.0,0.0,0.0
2,0.0,0.0,0.0,0.0,0.0,0.0,0.0,0.0,0.0,0.0,0.0,0.0,0.0,0.0,1.0,0.0,0.0,0.0,0.0,0.0
3,0.0,0.0,0.0,0.0,0.0,0.9999982230593587,1.7769406412978774e-06,0.0,0.0,0.0,0.0,0.0,0.0,0.0,0.0,0.0,0.0,0.0,0.0,0.0
4,0.0,0.0022691531989373894,0.0,0.0,0.0036160742050411806,0.9935745826410669,1.7769406412978774e-06,0.0005384130143132569,0.0,0.0,0.0,0.0,0.0,0.0,0.0,0.0,0.0,0.0,0.0,0.0
5,0.0,0.04517693886435724,0.0,0.0,0.3790392081952502,0.0,7.1077625651915095e-06,3.731575346725543e-05,0.0742547955185557,0.4761045907261468,0.024820306877648753,0.0,0.0,0.0,0.0,0.0003678267127486606,0.00019190958926017078,0.0,0.0,0.0
6,0.0,0.012093858004673354,0.0,0.0,0.0019848426963297292,6.219292244542571e-05,0.00832141302319796,1.7769406412978774e-06,1.7769406412978774e-06,1.2438584489085143e-05,0.9587394383090633,0.0,0.0,0.0,3.9092694108553306e-05,0.01874316988441001,0.0,0.0,0.0,0.0
7,0.0,0.050809840697271506,0.0,0.0,0.11738647570477909,0.8105496965873855,0.00041402716942240544,7.996232885840449e-05,7.818538821710661e-05,5.330821923893632e-06,0.020648050251881336,0.0,0.0,0.0,1.7769406412978774e-06,2.665410961946816e-05,0.0,0.0,0.0,0.0
8,0.0,0.0004122502287811076,0.0,0.0,0.007681714392330724,0.0,0.0,0.0,0.00023100228336872406,0.5156948282142635,0.0,0.0,0.0,0.0,0.4759802048812559,0.0,0.0,0.0,0.0,0.0
9,0.0,9.41778539887875e-05,0.0,0.0,8.884703206489387e-05,0.9989906977157428,0.0,0.000826277398203513,0.0,0.0,0.0,0.0,0.0,0.0,0.0,0.0,0.0,0.0,0.0,0.0
10,0.0,0.014714845450587722,1.2438584489085143e-05,0.00998818334473537,0.046122271285527705,0.3987490337885263,0.06242570166943573,0.0005348591330306611,0.0,0.01902037262445248,0.17459330271072296,0.0,0.0,0.0,0.27356711949037343,0.0002718719181185752,0.0,0.0,0.0,0.0
11,0.0004175810507050012,0.5371211784670333,0.0,3.5538812825957547e-05,0.02768473519142093,0.0,0.0,0.00194219612093858,0.0999564649542882,0.3276571926114808,0.0,0.0,0.0,0.0,0.005185112791307207,0.0,0.0,0.0,0.0,0.0
12,0.0,0.0,0.0,0.0,0.00013860137002123443,0.0,0.273320124741233,0.0,0.0,1.7769406412978774e-06,0.0,0.0,0.0,0.0,0.0,0.0,0.7137810631435857,0.01275843380451876,0.0,0.0
13,0.0,0.3003953692926888,0.0,3.0207990902063918e-05,0.0,0.0,0.6758913578491911,0.01656641759882011,0.0,0.0,0.007116647268397999,0.0,0.0,0.0,0.0,0.0,0.0,0.0,0.0,0.0
14,0.09598855650227005,0.0,0.0,0.0006858990875409807,0.0004477890416070651,0.0,0.0,0.0,0.0,7.1077625651915095e-06,0.0,0.9028351087931907,0.0,0.0,3.5538812825957547e-05,0.0,0.0,0.0,0.0,0.0
15,0.4085417536627189,0.0,0.0,0.0,0.0,0.0,0.0,0.12136682274128632,0.0,0.0,3.376187218465967e-05,0.07134949757003367,0.0,0.0,5.863904116282996e-05,0.3986495251126136,0.0,0.0,0.0,0.0
16,0.0,0.0,0.0,0.0,0.0,0.0,0.0,0.0,0.0,0.0,0.0,0.0,0.9999982230593587,0.0,0.0,0.0,0.0,1.7769406412978774e-06,0.0,0.0
17,0.0007676383570406831,1.0661643847787265e-05,0.0,0.15493856227732714,0.5506792355601361,0.0,3.5538812825957547e-06,0.0,1.7769406412978774e-06,3.5538812825957547e-06,0.0,0.2935914635771592,0.0,3.5538812825957547e-06,0.0,0.0,0.0,0.0,0.0,0.0
18,0.07319218501505957,0.0,0.0,0.0,0.0,0.0,0.0,0.0,0.019212282213712652,0.8473998916066209,0.0,0.0029497214645544767,0.0,0.03620694250708555,0.02103897719296687,0.0,0.0,0.0,0.0,0.0
19,0.0,0.0,0.0,0.0,0.0,0.0,0.0,0.0,0.0,0.0,0.0,0.0,1.0,0.0,0.0,0.0,0.0,0.0,0.0,0.0
20,0.0,0.0,1.7769406412978774e-06,0.0,0.0,0.0,0.0,5.330821923893632e-06,0.0,0.0,0.7188755519621867,0.0,0.0,0.0,7.463150693451086e-05,0.2810427087683136,0.0,0.0,0.0,0.0
21,0.0,0.0,0.0,0.0,0.005677325348946718,0.0,0.0,0.0,0.0,4.4423516032446935e-05,1.7769406412978774e-06,0.0,0.0,0.0036302897301715635,0.0,0.0,0.990628415057795,1.7769406412978773e-05,0.0,0.0
22,0.0,0.019994136095883717,0.0,0.0,0.0107149520670262,0.0,0.0,0.0,0.0,0.034181230176005974,0.0,1.7769406412978774e-06,0.0,0.0,0.0,0.0,0.9351079047204428,0.0,0.0,0.0
23,0.0,0.0,0.0,0.0,0.0,1.0,0.0,0.0,0.0,0.0,0.0,0.0,0.0,0.0,0.0,0.0,0.0,0.0,0.0,0.0
24,0.0,0.0,0.0,0.9994829102733823,0.0,0.0,0.0,0.0,0.0,0.0,0.0,0.0005170897266176823,0.0,0.0,0.0,0.0,0.0,0.0,0.0,0.0
25,6.0415981804127835e-05,0.03037324638170462,0.0,0.8350146153367747,0.032016916474905156,0.0,0.0037671141595515003,0.0,0.0,6.752374436931934e-05,0.0,0.0987001679208906,0.0,0.0,0.0,0.0,0.0,0.0,0.0,0.0
26,0.0,0.02351603244693611,0.0,0.0,0.1446589606674189,0.0,0.38355263742414686,0.0,1.7769406412978774e-06,1.7769406412978774e-06,0.3921636917718764,0.00010128561655397902,0.0,0.0,0.0,0.056003838191785206,0.0,0.0,0.0,0.0
27,0.0,0.0001101703197604684,0.0,0.0,0.0,0.0,0.0,5.330821923893632e-06,0.0,0.0,1.7769406412978774e-06,0.0,0.0,0.0,0.00020079429246666015,0.0,9.595479463008539e-05,0.9995859728305776,0.0,0.0
28,0.0,5.330821923893632e-06,0.0,0.0,0.016721011434613027,0.0,0.0,0.0,0.0,0.4957024690590211,0.003493465300791627,0.0,0.0,0.4417563281298588,0.0,0.0,0.04231961831315025,1.7769406412978774e-06,0.0,0.0
29,0.019921281529590502,7.1077625651915095e-06,0.0,0.0,0.6290316561975248,0.0,0.0005668440645740229,0.02989524934919549,0.0009328938366813857,0.3196431903192274,1.7769406412978774e-06,0.0,0.0,0.0,0.0,0.0,0.0,0.0,0.0,0.0
30,5.330821923893632e-05,0.0,0.0,0.014421650244773574,0.0,0.0,0.0,5.153127859763845e-05,0.0,0.0,0.0,0.9854735102573898,0.0,0.0,0.0,0.0,0.0,0.0,0.0,0.0
31,0.00011372420104306415,0.3828116531767256,0.0,0.0,0.06691603066999546,0.0,0.543418656099793,5.330821923893632e-06,0.0007640844757580873,0.005965189732836974,5.330821923893632e-06,0.0,0.0,0.0,0.0,0.0,0.0,0.0,0.0,0.0
32,0.0,0.0,0.0,0.0,0.0,0.0,0.0,0.0,0.0,0.0,0.0,0.0004175810507050012,0.0,0.0,0.999582418949295,0.0,0.0,0.0,0.0,0.0
33,0.0,0.00010661643847787265,0.0,0.0,0.014057377413307509,0.0,0.0,0.0,0.0,7.640844757580874e-05,0.9857542668787149,0.0,0.0,1.7769406412978774e-06,0.0,3.5538812825957547e-06,0.0,0.0,0.0,0.0
34,1.7769406412978774e-06,1.7769406412978774e-06,0.0,0.0,0.8999227030821035,0.0,0.09741899371851483,0.0,0.0,0.0013273746590495145,0.001028848631311471,0.0,0.0,0.0,0.0002114559363144474,8.7070091423596e-05,0.0,0.0,0.0,0.0
35,0.005844357769228719,0.00017769406412978774,0.0,0.0,0.047972066493118797,0.0,0.2011070340195286,1.7769406412978774e-06,0.0,0.00027720274004246887,0.7443035725391594,0.0,0.0,0.00019368652990146864,0.0,0.0,0.00011727808232565992,5.330821923893632e-06,0.0,0.0
36,1.7769406412978774e-06,0.00017236324220589412,0.0,0.0,0.013133368279832611,0.0,0.9866907145966789,0.0,1.7769406412978774e-06,0.0,0.0,0.0,0.0,0.0,0.0,0.0,0.0,0.0,0.0,0.0
37,0.00017947100477108563,0.0,0.0,0.9422476522171777,1.7769406412978774e-06,0.0,0.0,0.0007623075351167895,0.0,0.0,0.0,7.1077625651915095e-06,0.05680168453972795,0.0,0.0,0.0,0.0,0.0,0.0,0.0
38,0.0,0.0,0.0,0.0,0.0006006059367586826,0.0,0.0,0.0,0.0,0.0,0.0,0.0014162216911144084,0.0,0.0,0.863250202126998,0.0,0.13473119330448766,1.7769406412978774e-06,0.0,0.0
39,0.0,0.0,0.0,0.0,0.0,0.0,0.0,0.0,0.0,0.0,5.330821923893632e-06,0.0,0.0,0.0,1.2438584489085143e-05,0.0,0.00601139018951072,0.9939708404040764,0.0,0.0
40,0.0,0.0,0.0,0.0,0.0,0.0,0.0,0.08573738594262259,0.0,0.0,0.002190967810720283,0.0,0.0,0.0,0.9120716462466572,0.0,0.0,0.0,0.0,0.0
41,0.0,0.0,0.0,0.0,1.7769406412978774e-06,0.9999928922374348,0.0,5.330821923893632e-06,0.0,0.0,0.0,0.0,0.0,0.0,0.0,0.0,0.0,0.0,0.0,0.0
42,0.00040514246621591607,0.2230362584737857,0.0,0.07080575373379652,0.050132826312937015,0.0,0.0,0.4254884365587768,0.23003562765985802,1.7769406412978774e-06,0.0,0.0,0.0,0.0,0.0,0.0,1.7769406412978774e-06,9.240091334748962e-05,0.0,0.0
43,0.0,0.0013433671248211953,0.0,0.06685916856947394,7.1077625651915095e-06,0.0,0.0,0.0,7.1077625651915095e-06,2.3100228336872406e-05,0.0,0.9317103942142813,3.731575346725543e-05,1.0661643847787265e-05,0.0,0.0,0.0,1.7769406412978774e-06,0.0,0.0
44,0.7729034321608487,0.0,0.00011550114168436203,0.0,0.0,0.0,0.0,0.22698106669746698,0.0,0.0,0.0,0.0,0.0,0.0,0.0,0.0,0.0,0.0,0.0,0.0
45,0.20638632466482457,0.02287100299414498,0.0,0.0017733867600152817,0.7057013140476043,7.1077625651915095e-06,0.0011212495446589607,0.025811839755492966,0.0027897968068376676,0.03304221122493403,0.0,6.574680372802146e-05,0.0,0.0,0.00043001963519408637,0.0,0.0,0.0,0.0,0.0
46,0.0,0.0,8.884703206489387e-06,0.0,0.0,0.0,0.0,0.07595532771227777,0.0,0.0,0.9234689435199417,0.0,0.0,0.0,0.0005544054800849377,1.2438584489085143e-05,0.0,0.0,0.0,0.0
47,9.240091334748962e-05,0.18603502350003998,3.9092694108553306e-05,0.00380087603173616,0.18253445043668315,0.0,0.05604293088589376,0.032258580402121664,0.16111698488711984,0.3231508711451494,0.0,0.008182811653176726,0.0,0.0,0.046383481559798496,0.000362495890824767,0.0,0.0,0.0,0.0
48,0.0,0.10914324806979823,0.0,0.0,0.5435768038168685,0.0,0.0,0.0,1.2438584489085143e-05,0.17785043490622196,0.019468161666059546,0.0,0.0,0.1212299983119064,0.028717137704014996,0.0,0.0,0.0,1.7769406412978774e-06,0.0
49,0.0,0.0,0.0,0.0,0.0,0.0,0.0,0.0,0.0,0.0,0.0,0.0,0.0,0.0,0.00021500981759704318,0.0,0.6205503185166099,0.379234671665793,0.0,0.0
50,1.0661643847787265e-05,0.08376320489014065,0.0,5.863904116282996e-05,0.03836770232690377,0.0,0.14812221797730846,0.0,0.0008085079917905342,0.4348244826881558,0.03270103862180484,3.5538812825957547e-06,0.0,0.08613008982434942,0.0004264657539114906,0.0,0.16864232850301636,0.006141106856325465,0.0,0.0
51,0.9997689977166313,0.0,0.0,0.0,0.0,0.0,0.00021678675823834105,1.2438584489085143e-05,0.0,0.0,1.7769406412978774e-06,0.0,0.0,0.0,0.0,0.0,0.0,0.0,0.0,0.0
52,0.02187591623501817,0.020228692260535037,0.0,0.0,0.03378497241299654,0.0,3.5538812825957547e-06,0.0,0.0,0.007315664620223362,0.006297477632759677,0.00011372420104306415,0.0,7.1077625651915095e-06,0.9094471049194601,0.0003251801373575116,0.0006006059367586826,0.0,0.0,0.0
53,5.330821923893632e-06,0.0,0.0,0.054234005313052516,0.0,0.0,0.00044601210096576724,0.0,0.0,0.0,0.0,1.7769406412978774e-06,0.0,0.07672474300995975,0.0,0.0,0.8683038213108492,0.0002825335619663625,1.7769406412978774e-06,0.0
54,5.153127859763845e-05,0.00010483949783657477,0.0,0.0,7.107762565191509e-05,0.0,0.9994669178076107,0.0,1.7769406412978774e-06,0.0,6.574680372802146e-05,0.0,0.0,0.0,0.0,0.0002381100459339156,0.0,0.0,0.0,0.0
55,1.7769406412978774e-06,0.0001652554796407026,0.0,1.7769406412978774e-06,0.0,0.9998080904107398,0.0,0.0,0.0,2.3100228336872406e-05,0.0,0.0,0.0,0.0,0.0,0.0,0.0,0.0,0.0,0.0
56,0.0,0.0,0.0,0.0,0.0,0.0,0.0,0.0,0.0,0.0,0.0,0.0,1.0,0.0,0.0,0.0,0.0,0.0,0.0,0.0
57,7.1077625651915095e-06,0.00021856369887963894,0.0,0.0,0.00043179657583538423,0.9992821159809157,1.7769406412978774e-06,5.863904116282996e-05,0.0,0.0,0.0,0.0,0.0,0.0,0.0,0.0,0.0,0.0,0.0,0.0
58,7.640844757580874e-05,1.0661643847787265e-05,0.0,0.41310849111085446,3.1984931543361794e-05,0.0,0.000174140182847192,0.0,0.0,7.1077625651915095e-06,0.0,0.586584098158201,0.0,0.0,1.7769406412978774e-06,0.0,0.0,5.330821923893632e-06,0.0,0.0
59,0.0,0.0,0.0,0.0,0.0,0.0,0.0,0.0,0.0,0.0,0.0,0.0,1.0,0.0,0.0,0.0,0.0,0.0,0.0,0.0
60,0.0,0.2010874876724743,0.0,0.0,0.0033655255746181797,0.0,0.00014570913258642594,0.0,5.6862100521532076e-05,0.00925963768180324,0.7849297664211528,0.0,0.0,0.0,1.7769406412978774e-06,0.0011532344762023225,0.0,0.0,0.0,0.0
61,8.884703206489387e-06,0.00010661643847787265,0.0,0.03719136762236457,0.13448242161470597,0.0,6.930068501061722e-05,0.0,8.884703206489387e-06,0.15431663305287288,0.044443062379501214,0.11722299716577968,0.0,0.0019652963492754524,0.009277407088216219,0.03423453839524491,0.2705516512220909,0.1819285136780006,0.014192424902046146,0.0
62,1.7769406412978774e-06,0.051767611702931066,0.0,0.0,1.9546347054276653e-05,0.0,0.0,0.0,0.0,0.046566506445852175,3.5538812825957547e-06,0.0,0.0,0.0,0.9011932156406315,0.0004477890416070651,0.0,0.0,0.0,0.0
63,0.0,0.0,0.0,2.132328769557453e-05,0.0,0.0,0.0,0.0,0.0,0.0,0.0007214379003669382,0.0,0.0,0.0,0.0005668440645740229,3.731575346725543e-05,0.04374117082618855,0.954895915701936,1.5992465771680897e-05,0.0
64,0.0,0.9926114808134834,0.0,0.007384965305233979,0.0,0.0,0.0,0.0,3.5538812825957547e-06,0.0,0.0,0.0,0.0,0.0,0.0,0.0,0.0,0.0,0.0,0.0
65,0.03445310209412455,0.0,0.0,0.0,0.0,0.0,0.0,0.0035556582232370527,0.11221380149796097,0.00783630822812364,0.0,0.8419411299565538,0.0,0.0,0.0,0.0,0.0,0.0,0.0,0.0
66,0.0,2.4877168978170285e-05,0.0,0.0007925155260188533,0.0,0.9980151573036703,0.0,0.0,0.0,0.0011674500013327054,0.0,0.0,0.0,0.0,0.0,0.0,0.0,0.0,0.0,0.0
67,0.0,0.0,0.0,0.0,0.0,0.0,0.0,0.0,0.0,0.0,0.9918545041002905,0.0,0.0,0.0,0.0,0.008145495899709471,0.0,0.0,0.0,0.0
68,0.0,0.0,0.0,0.0,0.0006343678089433423,0.0,0.0,0.0,0.0,0.010341794532353647,0.0,0.0,0.0,0.0,0.989023837658703,0.0,0.0,0.0,0.0,0.0
69,0.00010128561655397902,0.0005259744298241717,0.0,0.41748864979165373,0.0,0.5818823132213269,0.0,0.0,0.0,0.0,0.0,1.7769406412978774e-06,0.0,0.0,0.0,0.0,0.0,0.0,0.0,0.0
70,0.0,0.0,0.0,0.0,0.0,0.0,0.0,0.0,0.0,0.0,0.0,0.0,0.0,0.0,0.0,0.0,0.0,1.0,0.0,0.0
71,0.0,0.006571126491519551,0.0,0.0,0.14514761934377582,0.0,0.0,0.0,0.0,7.463150693451086e-05,0.0,0.00487237123843878,0.8428775776745178,0.0004566737448135545,0.0,0.0,0.0,0.0,0.0,0.0
72,0.0028235586790223274,0.03922418771600935,0.0,0.38363259975300523,0.5539541371620481,0.0,0.0,0.0044974367631249275,4.7977397315042694e-05,0.0,0.0,0.015820102529475005,0.0,0.0,0.0,0.0,0.0,0.0,0.0,0.0
73,0.0,0.0,0.0,0.0,0.0,0.0,0.0,0.0,0.0,0.0,0.0,0.0,1.0,0.0,0.0,0.0,0.0,0.0,0.0,0.0
74,0.0,0.0,0.0,0.0,1.2438584489085143e-05,0.0,0.0,0.0,0.0,0.0,0.9924675486215383,0.0,0.0,0.0,0.0,0.007520012793972617,0.0,0.0,0.0,0.0
75,0.0,0.0,0.0,0.0,0.0,0.0,0.0,0.0,0.0,0.0,0.0,0.0,0.0,0.0,0.0,0.0,0.9855481417643244,0.014444750473110446,7.1077625651915095e-06,0.0
76,0.0,0.0,0.0,0.0,0.0,0.0,0.0,0.0,0.0,0.0,0.01049816530878786,0.0,0.0,0.0,0.8988263307064227,0.08626158343180546,0.0,0.004413920552983928,0.0,0.0
77,0.011617637912805522,0.004543637219798673,0.0,0.0,0.0,0.0,0.0,0.9835330910770925,0.00030563379030323494,0.0,0.0,0.0,0.0,0.0,0.0,0.0,0.0,0.0,0.0,0.0
78,0.0027471502314465185,0.0,0.0,0.0,0.0,0.0,0.020592965092001102,5.330821923893632e-06,0.0,0.0,0.6349186605421446,0.0,0.0,0.0,0.0,1.7769406412978774e-06,1.7769406412978774e-06,0.3417323394312013,0.0,0.0
79,0.0,0.0,0.0,0.0,0.0,0.0,1.7769406412978774e-06,0.0,0.0,0.0019493038835037715,0.0,0.0,0.0,0.0,0.9980489191758549,0.0,0.0,0.0,0.0,0.0
80,0.0006130445212477677,0.889259282293675,0.0,0.003621405026965074,0.0,0.0,0.10650626815811218,0.0,0.0,0.0,0.0,0.0,0.0,0.0,0.0,0.0,0.0,0.0,0.0,0.0
81,0.0,0.0,0.0,0.0,0.1904560518155891,0.0,0.0,0.0,0.0,0.8095439481844109,0.0,0.0,0.0,0.0,0.0,0.0,0.0,0.0,0.0,0.0
82,1.0,0.0,0.0,0.0,0.0,0.0,0.0,0.0,0.0,0.0,0.0,0.0,0.0,0.0,0.0,0.0,0.0,0.0,0.0,0.0
83,0.0,0.0,0.0,0.0,0.0,0.0,0.0,0.0,0.0,0.0,0.0,1.0,0.0,0.0,0.0,0.0,0.0,0.0,0.0,0.0
84,0.0,0.0,0.0,0.0,0.0,0.0,0.947278171172692,0.0,0.0,0.0,0.05272005188666672,0.0,0.0,0.0,0.0,1.7769406412978774e-06,0.0,0.0,0.0,0.0
85,0.0,0.0,0.0,0.0,0.0,0.0,0.0,0.0,0.0,0.0,7.1077625651915095e-06,0.0,0.0,0.0,0.007763453661830426,1.7769406412978774e-06,0.0,0.9922276616349631,0.0,0.0
86,0.0006841221468996829,0.0,0.0,0.0,0.015613977415084449,0.0,0.0,0.5460627437740442,0.0,0.39671443675424023,0.04092294296909012,0.0,0.0,0.0,0.0,0.0,0.0,0.0,0.0,1.7769406412978774e-06
87,0.0,0.0,0.0,0.0,0.0,0.0,0.0,0.0,0.0,0.0,0.0,0.0,1.0,0.0,0.0,0.0,0.0,0.0,0.0,0.0
88,0.0,0.0,0.02556662194699386,0.0,0.0,0.0,1.7769406412978774e-06,0.10754755537391274,0.0,0.0,0.001245635389549812,0.0,0.0,0.0,0.006912299094648743,0.006532033797410997,0.0029355059394240933,0.20028431050260767,0.6489742610148108,0.0
89,0.0,0.0,0.0,0.0,0.0,0.0,0.0,0.0,0.0,0.0,1.7769406412978774e-06,0.0,0.0,0.0,0.0005632901832914271,0.9994349328760673,0.0,0.0,0.0,0.0
90,0.0,0.0,0.0033406484056400097,0.0,0.0,0.0,0.0,0.0006254831057368529,0.0,0.0,0.0,0.0,0.0,0.0,0.07661634963084059,0.0,0.0,0.9194175188577826,0.0,0.0
91,0.0,0.0,0.0,0.0,0.0,0.0,0.0,0.0,0.0,0.0,0.0,0.0,1.0,0.0,0.0,0.0,0.0,0.0,0.0,0.0
92,0.0,0.039922525388039413,0.0,0.0,0.12053166063987633,0.0,0.7917443337805301,0.0,0.0,0.0,0.04734836032802324,0.00045311986353095874,0.0,0.0,0.0,0.0,0.0,0.0,0.0,0.0
93,0.00031807237479232004,0.0006645757998454062,0.0,3.5538812825957547e-06,0.4874965571775075,0.0,0.49112684690767905,0.0,0.0,8.529315078229812e-05,0.0,0.02024290778566542,0.0,0.0,6.219292244542571e-05,0.0,0.0,0.0,0.0,0.0
94,0.0,0.0,0.0,0.0,0.0,0.0,0.0,0.0,0.0,0.0,0.0,0.0,0.0,0.0,1.0,0.0,0.0,0.0,0.0,0.0
95,0.0,0.0,0.0,0.9667107940259255,0.0,0.0,0.0,0.0,0.0,0.0,0.0,0.033289205974074434,0.0,0.0,0.0,0.0,0.0,0.0,0.0,0.0
96,0.6432951587252228,0.31733494442618143,0.0,0.009121036311782005,0.0005561824207262357,0.0,1.7769406412978774e-06,0.002505486304230007,0.0,0.0,0.0,0.010462626495961903,0.016722788375254323,0.0,0.0,0.0,0.0,0.0,0.0,0.0
97,0.29171679120058996,0.00015992465771680898,0.0,3.9092694108553306e-05,5.153127859763845e-05,0.0,0.7077181416754773,0.0,0.0,0.0,0.0,0.0003145184935097243,0.0,0.0,0.0,0.0,0.0,0.0,0.0,0.0
98,1.7769406412978774e-06,0.8799036898172417,0.0,0.12009097936083445,0.0,0.0,1.7769406412978774e-06,1.7769406412978774e-06,0.0,0.0,0.0,0.0,0.0,0.0,0.0,0.0,0.0,0.0,0.0,0.0
99,0.0,6.752374436931934e-05,0.0,1.4215525130383019e-05,0.48869066128845967,0.013863690883406039,0.0,0.0,0.0026725187245120077,0.3590681723277034,0.0,0.0004548968041722566,0.0,0.0,0.13516832070224694,0.0,0.0,0.0,0.0,0.0
100,0.9997956518262507,0.0,0.0,0.0,0.0,0.0,7.1077625651915095e-06,0.0,0.0,0.0,0.0,0.00011194726040176628,0.0,0.0,0.0,0.0,0.0,0.0,0.0,8.529315078229812e-05
101,0.0,0.0,0.0,0.0,0.0,0.0,0.0,0.0015974696365267918,0.0,0.0,0.19875614155109148,0.0,0.0,0.0,0.510209412454577,0.21874316988441,0.0021127824225031762,0.06858102405089157,0.0,0.0
102,0.0,0.0,0.0,0.0,0.0,0.0,0.0,0.0,0.0,0.0,0.0,0.0,0.0,0.0,1.0,0.0,0.0,0.0,0.0,0.0
103,0.00046733538866134175,0.00015992465771680898,0.0,0.0008156157543557258,5.330821923893632e-06,0.0,0.0,0.0,0.0,7.1077625651915095e-06,0.2378328431938731,0.0,0.0,0.0007267687222908319,0.004374827858875374,0.6230060504828836,0.13122706635984824,1.7769406412978774e-06,0.0013753520563645572,0.0
104,0.0,0.0,0.0,0.0,2.132328769557453e-05,0.0,0.0,0.0,0.0,0.0,0.292731424306771,0.0,0.0,0.0,0.38010892646131156,0.319796007214379,0.00734231872984283,0.0,0.0,0.0
105,0.0,0.0,0.0,0.8847991612840173,0.0,0.0,0.0,0.0,0.0,0.0,0.0,0.11520083871598269,0.0,0.0,0.0,0.0,0.0,0.0,0.0,0.0
106,0.0,0.0,0.0,0.8672305491635052,0.0,0.0,3.5538812825957547e-06,0.0,0.0,0.0,0.0,0.1327658969552122,0.0,0.0,0.0,0.0,0.0,0.0,0.0,0.0
107,0.0,0.0,0.0,0.0,0.0,0.0,0.0,1.7769406412978774e-06,0.0,0.0,0.0,0.0,0.9999982230593587,0.0,0.0,0.0,0.0,0.0,0.0,0.0
108,0.0,0.0007996232885840449,0.0,0.0,0.16036356205520955,0.0,0.8387746217337609,0.0,0.0,3.0207990902063918e-05,0.0,5.330821923893632e-06,0.0,0.0,0.0,0.0,2.665410961946816e-05,0.0,0.0,0.0
109,0.0,1.7769406412978773e-05,0.0,0.0,0.012877488827485718,0.0,0.00019190958926017078,0.0,0.023050473998916066,0.45605181558910024,5.330821923893632e-06,0.029900580171119382,0.0,0.47790463159578156,0.0,0.0,0.0,0.0,0.0,0.0
110,0.0,0.1273444510586124,0.0,0.0020772436096772188,0.19591125958437358,0.0,0.0006006059367586826,0.0,0.0,0.008140165077785576,0.41901859568381117,0.0008724778548772578,0.0,0.0,0.1291746999191492,0.11686050127495491,0.0,0.0,0.0,0.0
111,0.0,0.003855961191616394,0.0,0.0,0.006901637450800956,0.0,0.0,0.0,8.884703206489387e-06,0.0013167130152017272,0.08609632795216476,0.00014570913258642594,0.0,0.00930939201975958,2.4877168978170285e-05,0.8923404973656855,0.0,0.0,0.0,0.0
112,1.0661643847787265e-05,0.008181034712535428,0.00017947100477108563,0.00025232557106429857,0.043812248451840466,0.0,0.027142768295825077,0.0001812479454123835,0.0,0.008580846356827451,0.004305527173864757,0.0,0.0,2.8431050260766038e-05,0.0032215933826730517,0.8984780503407284,0.005584924435599229,5.330821923893632e-06,3.5538812825957547e-05,0.0
113,3.1984931543361794e-05,0.13216173713717094,5.330821923893632e-05,1.7769406412978774e-06,0.4399207484473981,0.0,0.24627508818067934,0.0,0.0002434408678578092,0.005050065302568568,0.015631746821497428,0.0,0.0,0.0,0.0025161479480777945,0.15795047666432702,0.0,0.00016347853899940473,0.0,0.0
114,0.0,0.0,0.0,0.0,0.0003376187218465967,0.0,0.0,0.0,0.0,0.0,0.9996623812781534,0.0,0.0,0.0,0.0,0.0,0.0,0.0,0.0,0.0
115,0.0010661643847787265,0.0,0.0,0.0,0.0,0.0,0.0,0.42801524615070236,0.0,0.0,0.0,0.0,0.5708812737110517,0.0,0.0,0.0,0.0,0.0,0.0,3.731575346725543e-05
116,0.0,0.00487237123843878,0.0,0.009248976037955452,0.8928611409735858,0.0,0.0,0.0,0.0,0.0010199639281049816,0.0,0.09199754782191501,0.0,0.0,0.0,0.0,0.0,0.0,0.0,0.0
117,0.0,0.0,1.7769406412978774e-06,0.0,0.0,0.0,0.0,0.0,0.0,0.0,0.0,0.0,0.0,0.0,0.005927873979369719,0.4664806802128775,0.0,0.5275896688671114,0.0,0.0
118,0.03545351967517525,0.35368048830328824,0.0,0.028455927429744208,0.4891313425675015,0.0,0.06091174824304994,0.0002789796806837668,0.025127717608593284,5.330821923893632e-06,1.7769406412978774e-06,0.0067808054871927,0.0,0.0,0.00017236324220589412,0.0,0.0,0.0,0.0,0.0
119,0.0,0.0,0.0,0.0,0.0,0.0,0.0,0.0,0.0,0.0,0.0,0.0,0.0,0.0,7.107762565191509e-05,0.0,1.7769406412978774e-06,0.9967624141515553,0.0031647312821515197,0.0
120,0.0,0.07682069780458983,0.0,0.0,0.06724298774799428,0.0,0.0,0.0,8.529315078229812e-05,0.001608131280374579,0.0,0.8533455349924036,0.0,0.0008067310511492363,6.752374436931934e-05,0.0,2.132328769557453e-05,0.0,0.0,1.7769406412978774e-06
121,0.000174140182847192,0.8720887048768136,0.0,0.010759375583058648,0.09992625696338614,0.0019368652990146863,0.00023277922401002195,0.014839231295478575,3.0207990902063918e-05,1.7769406412978774e-06,0.0,1.0661643847787265e-05,0.0,0.0,0.0,0.0,0.0,0.0,0.0,0.0
122,0.0,0.0,0.0,0.9999768997716632,0.0,0.0,0.0,0.0,0.0,0.0,0.0,0.0,0.0,2.3100228336872406e-05,0.0,0.0,0.0,0.0,0.0,0.0
123,0.0,0.0,0.0,0.0,0.0,1.0,0.0,0.0,0.0,0.0,0.0,0.0,0.0,0.0,0.0,0.0,0.0,0.0,0.0,0.0
124,0.0,0.0,0.0,0.0,0.0,0.0,0.0,0.0,0.0,1.5992465771680897e-05,0.0,0.0,0.0,0.6658054427691843,0.0,0.0,0.3336188284630352,0.0005597363020088314,0.0,0.0
125,0.0,0.0,0.0,0.0,0.0,0.0,0.0,3.5538812825957547e-06,0.00012616278553214929,0.0,0.09759491084200332,0.0,0.0,0.0,0.3892761632297673,0.5129992092614146,0.0,0.0,0.0,0.0
126,0.00019368652990146864,0.3290876298277256,0.0,0.0,0.12780467868470854,0.0,0.0344051246968095,0.0004193579913462991,0.0003873730598029373,0.003031460734054179,0.49833944897070714,0.0,0.005641786536120761,7.818538821710661e-05,0.0006023828773999804,8.884703206489387e-06,0.0,0.0,0.0,0.0
127,0.0,0.0,0.0,0.0,0.0,0.0,0.0,0.0,0.0,0.0,0.974056666637051,0.0,0.0,0.0,0.0,0.02585270939024282,8.884703206489387e-05,1.7769406412978774e-06,0.0,0.0
128,0.0037173598215951595,0.8512203139854113,0.0,3.5538812825957547e-06,0.06263182678382628,0.0,0.026947304825282313,0.004131386991017565,0.0,0.03876573703055449,0.012287544534574823,0.0,0.00015459383579291533,0.0,0.0,1.7769406412978774e-06,0.00013860137002123443,0.0,0.0,0.0
129,0.0,0.0,0.0,0.0,0.0,0.0,0.0,0.0,0.0,0.0,0.0,0.0,0.0,0.0,0.0,0.0,0.9999982230593587,0.0,1.7769406412978774e-06,0.0
130,0.0,0.0,0.0,0.9910939735058151,0.0,0.0,0.0,0.0,0.0,0.0,0.0,0.008904249553543664,0.0,1.7769406412978774e-06,0.0,0.0,0.0,0.0,0.0,0.0
131,4.7977397315042694e-05,0.02807033131058257,0.0,0.0,0.8772720407274796,0.00014570913258642594,0.08215151972848347,0.0007996232885840449,0.0,8.173926949970236e-05,0.011429282204827947,0.0,0.0,0.0,0.0,1.7769406412978774e-06,0.0,0.0,0.0,0.0
132,0.001798263928993452,0.7766723232610415,0.0,3.9092694108553306e-05,0.021268202535694294,0.0,0.002217621920339751,0.1979885031940508,1.7769406412978774e-06,0.0,0.0,1.4215525130383019e-05,0.0,0.0,0.0,0.0,0.0,0.0,0.0,0.0
133,0.0008476006858990875,0.02406688404573845,0.0,0.0,0.9269357547111139,0.0,0.01763258198359884,0.0004797739731504269,0.001727186303341537,9.240091334748962e-05,0.0,3.5538812825957547e-06,0.0,0.0,0.028214263502527696,0.0,0.0,0.0,0.0,0.0
134,7.1077625651915095e-06,0.0,0.0,8.884703206489387e-06,0.5465336330439882,0.0,0.0,0.0,5.330821923893632e-05,0.0,0.0,0.4516645491457358,0.0017325171252654304,0.0,0.0,0.0,0.0,0.0,0.0,0.0
135,0.0009808712339964283,0.2908407594644301,0.0,0.0,0.6973088233987543,0.0,0.005620463248425187,0.0007409842474212149,3.0207990902063918e-05,0.004477890416070651,0.0,0.0,0.0,0.0,0.0,0.0,0.0,0.0,0.0,0.0
136,0.0,0.0,0.0,0.0,0.0,0.0,0.0,0.0,0.0,0.0,0.0,0.0,0.0,0.0,0.0,0.0,0.0,0.0,1.0,0.0
137,0.0,0.0004566737448135545,1.7769406412978774e-06,0.0,0.0009435554805291729,0.0,0.0,0.0,0.0,0.0,0.9974607518235853,0.0,0.0,0.0,0.0,0.0011372420104306415,0.0,0.0,0.0,0.0
138,0.0,1.7769406412978774e-06,0.0,0.0,0.0,0.0,0.0,0.0,0.0,0.0,0.6700203459703429,0.0,0.0,0.0,0.3299263458104182,5.153127859763845e-05,0.0,0.0,0.0,0.0
139,0.9997618899540661,2.3100228336872406e-05,0.0,5.6862100521532076e-05,0.0,0.0,0.00015459383579291533,3.5538812825957547e-06,0.0,0.0,0.0,0.0,0.0,0.0,0.0,0.0,0.0,0.0,0.0,0.0
140,0.0009151244302684069,0.5673807006476949,0.0,0.00010483949783657477,0.35540767460662975,0.0,3.5538812825957547e-06,0.0032144856201078605,3.731575346725543e-05,0.05969987472568479,0.0,0.006425417358933125,0.00043001963519408637,0.006380993842900678,0.0,0.0,0.0,0.0,0.0,0.0
141,0.00261210274270788,0.12121578278677601,0.023787904365054686,0.0007783000008884703,0.10906150880029852,0.0,0.005554716444697165,0.0,5.153127859763845e-05,0.005759064618446421,0.002146544294687836,0.027162314642879354,0.0,0.0,0.5092765186178956,0.17470347303048342,0.006651088820377955,0.011214272387230904,2.4877168978170285e-05,0.0
142,0.0,0.0,0.0,0.20112835730722414,0.000261210274270788,0.0,0.0,0.0,0.0,3.5538812825957547e-06,0.0,0.7979636260250726,0.0,0.0006432525121498316,0.0,0.0,0.0,0.0,0.0,0.0
143,0.0,0.0,0.0,0.0,0.0,0.0,0.0,0.0,0.0,0.0,0.017216777873535136,0.0,0.0,0.0,4.975433795634057e-05,0.9827334677885086,0.0,0.0,0.0,0.0
144,0.0,0.0,0.0,0.0,0.0,0.0,0.0,0.0,0.0,0.0,0.0,0.0,0.0,0.0,0.0,0.0,0.999969792009098,0.0,3.0207990902063918e-05,0.0
145,0.01042353380185335,0.21167805389460964,0.0,0.028800653914155996,0.34636837756434746,0.0,0.3346814389665313,0.0,0.0,4.7977397315042694e-05,1.7769406412978774e-06,0.06794132542002435,0.0,0.0,5.6862100521532076e-05,0.0,0.0,0.0,0.0,0.0
146,0.9997370127850879,0.0001030625571952769,0.0,0.0,0.00015992465771680898,0.0,0.0,0.0,0.0,0.0,0.0,0.0,0.0,0.0,0.0,0.0,0.0,0.0,0.0,0.0
147,0.05455740850976873,0.09281671745755334,0.0013291515996908124,0.0,0.14835677414195977,0.0,0.0,0.42572299272342806,0.0,3.5538812825957547e-05,1.7769406412978774e-06,0.012587847502954164,0.0,0.0,0.0113013424786545,0.21527102787131397,0.0,0.0,0.0,0.03801942196120939
148,0.006276154345064103,0.005783941787424591,0.0,0.0005881673522695974,0.022831910300036427,0.0,0.9644540794114772,0.0,0.0,0.0,0.0,6.574680372802146e-05,0.0,0.0,0.0,0.0,0.0,0.0,0.0,0.0
149,0.0,3.5538812825957547e-05,0.0,0.9114905866569527,0.0,0.0,0.0,0.0,0.0,0.0,0.0,0.08847387453022132,0.0,0.0,0.0,0.0,0.0,0.0,0.0,0.0
150,0.0,0.0021660906417421124,0.0,0.0,0.0020381509155686654,0.0,0.0014393219194512807,0.0,1.7769406412978774e-06,0.0,0.7845192931330129,0.0,0.0,0.0,0.00031096461222712853,0.20949774772773716,0.0,0.0,0.0,2.665410961946816e-05
151,0.004380158680799268,0.0,0.0,0.0,0.0,0.0,0.8237736888399243,0.0,0.0,0.0,1.2438584489085143e-05,0.0,0.0,0.0,0.0,0.17183371389478735,0.0,0.0,0.0,0.0
152,0.0,0.0,0.0,0.0,0.0,0.0,0.0,0.0,0.0,0.0,0.0,0.0,0.0,0.0,0.0,0.0,0.9218785816459801,0.07812141835401988,0.0,0.0
153,0.04523024708359617,0.6125149929366609,0.0,0.0,0.2860039270388173,0.0,0.0,0.0,0.0044156974936252254,0.03890789228185833,0.0,2.4877168978170285e-05,0.0,0.00017947100477108563,0.0004406812790418736,0.0,0.008699901379794407,0.003582312332856521,0.0,0.0
154,1.7769406412978773e-05,0.41722921645802424,0.0,0.0,0.056448073352109676,0.0,0.0,0.0,0.00027009497747727736,3.5538812825957547e-06,0.0,3.5538812825957547e-06,0.0,6.0415981804127835e-05,0.0,0.0,0.5259513295958349,1.5992465771680897e-05,0.0,0.0
155,0.0,0.013938322390340551,0.0,0.0,0.011256918962622054,0.0,0.0274608406706174,0.0,0.0,0.007564436310005064,0.7816370954128278,0.0,0.0,0.0,0.0,0.1581423862535872,0.0,0.0,0.0,0.0
156,1.0,0.0,0.0,0.0,0.0,0.0,0.0,0.0,0.0,0.0,0.0,0.0,0.0,0.0,0.0,0.0,0.0,0.0,0.0,0.0
157,0.000913347489627109,0.922790152194966,0.0,0.03132035574351639,0.005426776718523717,0.002596110276936199,0.0,0.03693371122937638,1.7769406412978774e-06,0.0,0.0,1.7769406412978773e-05,0.0,0.0,0.0,0.0,0.0,0.0,0.0,0.0
158,0.0013113821932778335,0.19955931872095814,0.0,5.863904116282996e-05,0.008753209599033345,0.7711087221131379,1.7769406412978773e-05,0.01918029728216929,0.0,0.0,0.0,1.0661643847787265e-05,0.0,0.0,0.0,0.0,0.0,0.0,0.0,0.0
159,0.0,0.0,0.0,0.0,0.0,0.0,0.0,0.0,0.0,0.0,0.0,0.0,0.0,0.0,0.0,0.0,0.9315753467255427,0.06842465327445736,0.0,0.0
160,0.003203823976260073,0.5665188844366654,0.0,0.060128117420237576,0.19814665091112632,0.0,0.17043881549136852,0.0,0.00014037831066253232,8.884703206489387e-06,1.7769406412978774e-06,0.0014108908691905146,0.0,0.0,1.7769406412978774e-06,0.0,0.0,0.0,0.0,0.0
161,0.0,0.07789752383321635,1.7769406412978773e-05,0.0,0.24580419891073538,0.0,0.238774621733761,0.0,0.0002647641555533837,0.000303856849661937,0.0,0.0,0.0,0.0,0.436937265110659,0.0,0.0,0.0,0.0,0.0
162,0.0,0.0,0.0,1.0,0.0,0.0,0.0,0.0,0.0,0.0,0.0,0.0,0.0,0.0,0.0,0.0,0.0,0.0,0.0,0.0
163,0.0,0.0,0.0,0.0,0.0,0.0,0.0,0.0,0.0,0.0,0.0,0.0,0.0,0.0,1.0,0.0,0.0,0.0,0.0,0.0
164,0.0,1.7769406412978774e-06,0.0,0.0,0.0,0.0,0.9999982230593587,0.0,0.0,0.0,0.0,0.0,0.0,0.0,0.0,0.0,0.0,0.0,0.0,0.0
165,0.0,0.0,0.0,0.0,0.0,0.9357742574609296,0.0,0.0,0.0,0.0,0.06422396559842919,0.0,1.7769406412978774e-06,0.0,0.0,0.0,0.0,0.0,0.0,0.0
166,0.0,0.0,0.0,0.0,0.9947846792177907,0.0,0.0,0.0,1.7769406412978774e-06,0.004826170781765035,0.0,0.0003873730598029373,0.0,0.0,0.0,0.0,0.0,0.0,0.0,0.0
167,0.39645500342061074,0.00946931667747639,0.0,8.351621014100024e-05,0.0,0.0,0.5939903867511306,0.0,1.7769406412978774e-06,0.0,0.0,0.0,0.0,0.0,0.0,0.0,0.0,0.0,0.0,0.0
168,0.0,0.0,0.0,0.0,0.0,0.0,0.0,0.0,0.0,0.0,0.0,0.0,1.0,0.0,0.0,0.0,0.0,0.0,0.0,0.0
169,0.0,0.0,0.0,0.0,0.005524508453795101,0.004024770552539692,0.0,0.0,0.0,0.0005241974891828738,0.0,0.9899265235044823,0.0,0.0,0.0,0.0,0.0,0.0,0.0,0.0
170,0.0,0.0,0.0,0.0,0.0,0.0,0.0,0.0,0.0,0.0,0.0,0.0,0.0,0.0,0.0,0.0,0.1444048581557133,0.8555951418442866,0.0,0.0
171,0.0,0.0,0.0,0.0,1.7769406412978774e-06,0.0,0.9999982230593587,0.0,0.0,0.0,0.0,0.0,0.0,0.0,0.0,0.0,0.0,0.0,0.0,0.0
172,0.0,1.7769406412978774e-06,0.0,0.0,0.013860137002123444,0.0,0.9354206462733112,0.0,3.5538812825957547e-06,7.996232885840449e-05,0.00013327054809734082,1.7769406412978774e-06,0.0,0.0,0.05049887608504438,0.0,0.0,0.0,0.0,0.0
173,0.0,0.0,0.0,0.0,1.7769406412978774e-06,0.0,0.0,0.0,0.0,0.0,0.0,0.0,0.0,0.0,0.9985127006832337,0.0,0.0014179986317557063,5.153127859763845e-05,1.5992465771680897e-05,0.0
174,0.0028057892726093487,0.04588771512087639,0.0,0.0003678267127486606,0.5803132746350608,0.0,0.19161461711371533,0.0,0.00047444315122653326,0.15406963830373246,7.1077625651915095e-06,0.023603102538359705,0.0,0.0006148214618890656,0.0002061251143905538,3.5538812825957547e-05,0.0,0.0,0.0,0.0
175,0.10168542819827103,0.8361074338311729,0.016724565315895622,0.0,3.5538812825957547e-06,0.0,0.0,0.0002505486304230007,0.03729798406084245,0.0008884703206489388,0.0,0.0,0.003086545893934413,0.0,0.003955469867529075,0.0,0.0,0.0,0.0,0.0
176,0.0,1.7769406412978774e-06,1.7769406412978773e-05,0.0,6.752374436931934e-05,0.0,0.0,0.0,0.0,1.7769406412978773e-05,0.0,0.0,0.0,0.0,0.0002043481737492559,0.0,0.9494869083898252,0.05020390393858893,0.0,0.0
177,9.950867591268114e-05,0.0,0.0,0.0,2.4877168978170285e-05,0.0,0.0,0.0,1.4215525130383019e-05,7.463150693451086e-05,0.014958286318445532,0.00012971666681474507,0.0,0.0,0.0,0.984698764137784,0.0,0.0,0.0,0.0
178,0.0,0.0,0.0,0.0,0.0,0.0,0.0,0.0,0.0,0.0,5.330821923893632e-06,0.0,0.0,0.0,0.05622417883130614,0.0006023828773999804,0.00016170159835810684,0.9430064058710119,0.0,0.0
179,0.0,0.06845130738407683,0.0,0.0,0.6266807637290877,0.0,0.05207857631515819,0.0,0.06968450418913756,0.028239140671505868,0.07623253045232024,0.0,0.0,0.0,0.00012083196360825567,0.07851234529510542,0.0,0.0,0.0,0.0
180,0.0,0.0,0.0,0.0,0.0,0.0,0.0,0.0,0.0,0.0,0.0,0.8334153687596065,0.0,0.0,0.1665846312403934,0.0,0.0,0.0,0.0,0.0
181,0.0,0.8070473465833874,0.0,0.0,0.1363713095164056,0.0,0.0002381100459339156,0.0,4.086963474985118e-05,0.00408518653434382,0.01882668609455101,8.884703206489387e-06,0.0,0.0,0.0,0.03338160688742193,0.0,0.0,0.0,0.0
182,0.0,0.0,0.0,0.38553748012047656,0.0,0.0,0.0,0.0,0.0,0.0,0.0,0.6144625198795234,0.0,0.0,0.0,0.0,0.0,0.0,0.0,0.0
183,0.0,0.0,0.0,0.0,0.0,0.0,0.0,0.0,0.0,0.0,0.0,0.0,1.0,0.0,0.0,0.0,0.0,0.0,0.0,0.0
184,1.7769406412978774e-06,0.0014801915542011319,0.0,0.0,0.0019937273995362186,0.0,1.2438584489085143e-05,0.0,1.7769406412978774e-06,0.0,0.9182642843815803,0.011830870789761269,0.0,0.0,1.7769406412978774e-06,0.06640427176530168,8.884703206489387e-06,0.0,0.0,0.0
185,0.0,0.0,0.0,0.0,0.0,0.0,0.0,0.0,0.0,0.0,0.0,0.0,0.0,0.0,0.2600108393379119,0.0,0.0,0.7399891606620881,0.0,0.0
186,0.2161417287855499,0.030357253915932938,0.0,3.5538812825957547e-06,0.33214574467139923,0.0,0.33104759535507716,0.0,8.529315078229812e-05,0.054777749149289665,0.0,0.029799294554565404,0.0,0.004142048634865353,0.0,0.0014997379012554085,0.0,0.0,0.0,0.0
187,0.0,0.0002061251143905538,0.0,0.0,3.5538812825957547e-06,0.0,6.752374436931934e-05,0.0,0.0,0.0,0.024735013726866453,0.0,0.0,0.0,0.006297477632759677,0.9686903059003314,0.0,0.0,0.0,0.0
188,0.0,0.0,0.0,0.0,0.0,0.0,0.0,0.0,0.0,0.0,0.0,0.0,0.0,0.0,0.0,0.0,0.3227421747976509,0.0,0.6772578252023491,0.0
189,0.6025587945234689,0.1501905768837792,0.0,0.0,0.17058274768331363,0.0,6.930068501061722e-05,0.013986299787655594,5.330821923893632e-05,0.0007978463479427469,0.0,8.884703206489387e-06,0.0,0.013783728554547636,0.0,0.0,0.04796318178991231,5.330821923893632e-06,0.0,0.0
190,0.0009115705489858111,0.0009204552521923005,0.0,0.0001101703197604684,0.5332741019786233,0.0,0.0,0.2082894280916546,3.5538812825957547e-06,0.11580144465274138,2.4877168978170285e-05,0.059385356232175064,0.04652208292981973,1.4215525130383019e-05,0.034739189537373504,1.7769406412978774e-06,1.7769406412978774e-06,0.0,0.0,0.0
191,5.330821923893632e-05,0.0679821950547742,0.0,0.015114657094879745,0.0009204552521923005,0.0,0.9145984558385827,0.0,7.1077625651915095e-06,1.0661643847787265e-05,0.001277620321093174,2.132328769557453e-05,0.0,1.7769406412978774e-06,0.0,1.2438584489085143e-05,0.0,0.0,0.0,0.0
192,0.0,0.13983456682629516,0.0,0.0,0.003772444981475394,0.0,0.01609197444759358,0.0,0.04967970644940606,0.026639894094337778,0.7355770170497454,0.0,0.0,0.0,0.00014570913258642594,0.028258687018560144,0.0,0.0,0.0,0.0
193,0.44551455758620384,3.1984931543361794e-05,0.0,0.007152186081223957,0.000522420548541576,0.5389123346334616,8.884703206489387e-06,0.007846969871971426,0.0,0.0,0.0,1.0661643847787265e-05,0.0,0.0,0.0,0.0,0.0,0.0,0.0,0.0
194,0.0,0.0,0.0,0.0,0.0,0.0,0.0,0.0,0.0,0.0,0.5990102440627971,0.0,0.0,0.0,0.0,0.40098975593720293,0.0,0.0,0.0,0.0
195,0.0001190550229669578,0.0,0.0,0.00801222535161213,0.0,0.0,0.0,0.0,0.0,0.0,0.0,0.9918687196254209,0.0,0.0,0.0,0.0,0.0,0.0,0.0,0.0
196,0.0,0.0,0.0,0.0,0.0,0.0,0.0,0.0,0.0,0.0,0.48425541744778017,0.0,0.0,0.0,0.0017005321937220688,0.5140440503584978,0.0,0.0,0.0,0.0
197,0.9101454425914902,0.06657485806686628,0.0,0.004858155713308397,0.0007569767131928958,0.0,0.00039625776300942665,0.01726120138956758,0.0,0.0,1.7769406412978774e-06,5.330821923893632e-06,0.0,0.0,0.0,0.0,0.0,0.0,0.0,0.0
198,0.9517365152417083,5.330821923893632e-06,0.0,0.048256376995726456,0.0,0.0,0.0,0.0,0.0,1.7769406412978774e-06,0.0,0.0,0.0,0.0,0.0,0.0,0.0,0.0,0.0,0.0
199,0.0,0.0,0.0,1.7769406412978774e-06,0.0,0.0,0.0,0.0,0.0,0.0,0.0,0.0,0.9999982230593587,0.0,0.0,0.0,0.0,0.0,0.0,0.0
200,0.0,0.0,0.0,0.0,0.0,0.0,0.0,0.0,0.0,0.0,0.0,0.0,0.0,0.0,1.0,0.0,0.0,0.0,0.0,0.0
201,0.0,0.0,0.0,0.0,0.0,1.0,0.0,0.0,0.0,0.0,0.0,0.0,0.0,0.0,0.0,0.0,0.0,0.0,0.0,0.0
202,0.7013389247732179,0.15225893579024993,0.0,0.10767194121880358,0.00044245821968317146,0.0,2.4877168978170285e-05,0.038213108491110856,1.7769406412978774e-06,0.0,0.0,4.7977397315042694e-05,0.0,0.0,0.0,0.0,0.0,0.0,0.0,0.0
203,0.0,0.0,0.0,0.0,0.0,0.0,0.0,0.0,0.0,0.0,0.0,0.0,1.0,0.0,0.0,0.0,0.0,0.0,0.0,0.0
204,0.0,0.0,0.0,0.0,0.0,0.0,0.0,0.0,0.0,0.0,0.0,0.0,0.0,0.0,0.0,0.0,1.7769406412978774e-06,0.9999982230593587,0.0,0.0
205,0.30527129441241013,0.0021962986326441764,0.0,1.2438584489085143e-05,0.0005277513704654696,0.0,6.396986308672359e-05,0.11087931907634625,0.00026654109619468164,0.020450809840697273,0.08281964940961148,0.0014233294536795998,0.0009826481746377262,0.3443160111236484,0.08884525512425258,0.021419242490204615,0.020166499338089613,0.00035894200954217126,0.0,0.0
206,0.0,0.0,0.0,0.0,0.0,0.0,0.0,0.790228603413503,0.0,0.0,0.0,0.0,0.0,0.0,0.0,0.0,0.0,0.0,0.0,0.20977139658649702
207,0.0,0.0,0.0,0.0,0.0,0.0,0.0,0.0,0.0,0.0,0.0,0.0,0.0,0.0,1.0,0.0,0.0,0.0,0.0,0.0
208,0.00012083196360825567,0.08265084004868817,0.0,0.0028306664415875186,0.9111867298072908,0.0,2.132328769557453e-05,0.0,7.1077625651915095e-06,0.0031505157570211367,0.0,3.1984931543361794e-05,0.0,0.0,0.0,0.0,0.0,0.0,0.0,0.0
209,0.0,0.0,0.0,0.0,0.4090179737545867,0.038580935203859516,0.0,0.0,0.0,8.7070091423596e-05,0.0,0.0,0.0,0.07456753707142413,0.46122271285527705,0.0,0.007729691789645767,0.008794079233783196,0.0,0.0
210,0.008035325579949001,0.3524579531420753,0.0,0.004065640187289544,0.12856520927918402,0.0,0.0,1.7769406412978774e-06,0.0,0.00044601210096576724,0.0,0.0,0.0,1.7769406412978774e-06,0.39198777464838785,0.0,0.10557692820271339,0.00022389452080353255,0.008637708457348982,0.0
211,8.173926949970236e-05,0.09595479463008538,0.08951160786473927,1.5992465771680897e-05,0.5316695245795314,0.0,0.0,0.0023455616465131984,0.011015255035405543,0.09814576244080567,0.0007409842474212149,0.0,0.0,3.5538812825957547e-06,1.4215525130383019e-05,0.17049923147317264,0.0,1.7769406412978774e-06,0.0,0.0
212,0.134029301751175,0.19344308903361082,0.0,0.3641750997307935,0.2611640738141142,0.0,0.006411201833802742,7.1077625651915095e-06,0.0018728954359279629,0.025193464412321308,0.007665721926559043,0.005497854344175633,0.0,0.0,0.0,0.0005401899549545547,0.0,0.0,0.0,0.0
213,0.0,1.7769406412978774e-06,0.0,0.0002043481737492559,0.0,0.0,0.0,0.0,0.0,0.0,0.0,0.0,0.0,8.884703206489387e-05,0.593903316659707,0.05442236102103009,0.3497090259699875,0.0007143301378017467,0.0009559940650182581,0.0
214,0.0,0.0,0.0,0.00027009497747727736,5.330821923893632e-06,0.9985873321901682,0.0,0.0,0.0,0.0,0.0,0.0011372420104306415,0.0,0.0,0.0,0.0,0.0,0.0,0.0,0.0
215,0.0,0.0,0.0,0.0,0.0,0.0,0.0,5.330821923893632e-06,0.0,0.0,0.08381829005002088,0.0,0.0,0.0,0.00012438584489085142,0.9160519932831643,0.0,0.0,0.0,0.0
216,0.0,0.0,0.0,0.0,0.0,0.0,0.0,0.0,0.0,0.0,0.0,0.6165699714801027,0.38343002851989727,0.0,0.0,0.0,0.0,0.0,0.0,0.0
217,0.0,0.0,0.0,0.0,0.0,0.0,0.0,0.0,0.0,0.0,0.05013815713486091,0.0,0.0,0.0,0.0,0.9498618428651391,0.0,0.0,0.0,0.0
218,0.0009808712339964283,0.47858697680203993,0.0,0.0030101374463586046,0.26280596696667347,0.004232672607571544,0.24693611009924213,1.2438584489085143e-05,3.5538812825957547e-06,0.0,0.0,0.0034312723783462016,0.0,0.0,0.0,0.0,0.0,0.0,0.0,0.0
219,0.0,0.0,0.0,0.0,0.0,0.0,0.0,0.0,0.0,0.0,0.0,0.0,0.0,0.0,0.0,1.0,0.0,0.0,0.0,0.0
220,3.1984931543361794e-05,0.011564329693566586,0.0,0.0,0.0019013264861887289,0.0,0.9865023588887013,0.0,0.0,0.0,0.0,0.0,0.0,0.0,0.0,0.0,0.0,0.0,0.0,0.0
221,0.0,0.0,0.0,0.0,0.9489467184348707,0.0,0.0,0.0,0.011679830835250949,0.002310022833687241,0.0,0.00694073014490951,0.0,0.030122697751281617,0.0,0.0,0.0,0.0,0.0,0.0
222,0.0,0.0,0.0,0.0,0.0,0.0,0.0,0.0,0.0,0.0,0.0,0.0,0.0,0.0,0.0,0.0,1.0661643847787265e-05,0.9999893383561522,0.0,0.0
223,0.0,0.0,0.0,0.0,0.0006645757998454062,0.0,0.0,0.0,0.0003927038817268309,0.9989427203184278,0.0,0.0,0.0,0.0,0.0,0.0,0.0,0.0,0.0,0.0
224,0.0,0.0,0.0,0.0,0.0,0.007452489049603298,1.7769406412978774e-06,0.0,0.0,0.0,0.009064174211260472,0.0,0.0,0.0,0.969212726448873,0.014268833349621956,0.0,0.0,0.0,0.0
225,0.0,0.0,0.0,0.0,0.0,0.0,0.0,0.0,0.0,0.0,0.0,0.0,0.0,0.0,1.7769406412978774e-06,0.9999982230593587,0.0,0.0,0.0,0.0
226,0.0,0.0,0.0,0.0,0.0,0.0,3.5538812825957547e-06,0.0,0.0,3.5538812825957547e-06,0.0,2.4877168978170285e-05,0.0,0.0,0.9999680150684567,0.0,0.0,0.0,0.0,0.0
227,0.008701678320435707,0.0,0.0,0.0,0.0,0.0,0.0,0.40297282169289134,0.0,0.587371282862296,0.0,0.0,0.0009542171243769602,0.0,0.0,0.0,0.0,0.0,0.0,0.0
228,0.0,0.0,0.0,0.0,0.0,0.0,0.0,0.0,0.0,1.5992465771680897e-05,0.0,0.0,0.0,0.0,0.9999840075342283,0.0,0.0,0.0,0.0,0.0
229,0.0,0.0,0.0,0.0,0.0,0.0,0.0005757287677805123,0.003260686076781605,0.0,0.0,1.7769406412978774e-06,0.0,0.0,2.4877168978170285e-05,0.0,0.0,0.751699199488241,0.24423160644318676,0.0002061251143905538,0.0
230,0.0,0.0,0.0,0.0,0.8803870176716747,0.0,0.0,0.0,0.11659396017876023,0.003019022149565094,0.0,0.0,0.0,0.0,0.0,0.0,0.0,0.0,0.0,0.0
231,0.04348706831448296,0.0,0.0,9.950867591268114e-05,0.0,0.0,0.0,0.1497694419517916,0.0,0.0,0.0,0.8066368732952476,0.0,0.0,0.0,0.0,0.0,0.0,0.0,7.1077625651915095e-06
232,0.0,0.0,0.00010128561655397902,0.0,0.010016614394996135,0.0,0.0,0.9292973088233988,0.0,0.0404342842927332,0.0,0.0,0.0,0.0,0.020148729931676632,0.0,1.7769406412978774e-06,0.0,0.0,0.0
233,0.15925119721375708,7.1077625651915095e-06,0.0,0.016337192256092686,6.0415981804127835e-05,0.0,0.02584382468703633,1.4215525130383019e-05,1.7769406412978774e-06,0.00197595799312324,0.0,0.015352767140813661,1.7769406412978773e-05,1.7769406412978774e-06,0.26302630760619444,0.0,0.03515499364743721,0.48295469689835013,0.0,0.0
234,0.006699066217692998,0.0033157712366618393,0.0,0.00034472648441178825,0.17638090499586861,0.0,0.17995433262551863,0.0005064280827698951,5.330821923893632e-06,0.0002114559363144474,0.0,0.6324202820004797,0.0,0.00016170159835810684,0.0,0.0,0.0,0.0,0.0,0.0
235,0.0,0.0,0.0,0.0,0.0,1.0,0.0,0.0,0.0,0.0,0.0,0.0,0.0,0.0,0.0,0.0,0.0,0.0,0.0,0.0
236,0.0,0.0,0.0,0.0,0.0,0.0,0.0,0.0,0.0,0.0,0.0,0.0,1.0,0.0,0.0,0.0,0.0,0.0,0.0,0.0
237,0.0,0.0,0.0,0.9819409522624897,0.0,0.0,0.0,0.0,0.0,0.0,0.0,0.01805904773751033,0.0,0.0,0.0,0.0,0.0,0.0,0.0,0.0
238,0.0021962986326441764,0.6377226728741127,0.0,0.028164509164571357,0.08004229118726289,0.06293212975220563,0.18891011345765996,0.0,0.0,3.1984931543361794e-05,0.0,0.0,0.0,0.0,0.0,0.0,0.0,0.0,0.0,0.0
239,0.4464847671763525,0.0005010972608460014,0.0,3.376187218465967e-05,0.00016703242028200048,0.0,0.5527618099917372,5.330821923893632e-06,0.0,0.0,0.0,4.620045667374481e-05,0.0,0.0,0.0,0.0,0.0,0.0,0.0,0.0
240,1.7769406412978774e-06,0.0,0.0,0.0,0.004449459365809885,0.0,0.0,0.0,0.0,0.00016347853899940473,0.0004193579913462991,0.0,0.0,0.0,0.4040123319680506,0.5909464874325873,0.0,0.0,0.0,7.1077625651915095e-06
241,0.0,0.0,0.0,0.0,0.0,0.0,0.0,0.0,0.0,0.0,0.0,0.0,1.0,0.0,0.0,0.0,0.0,0.0,0.0,0.0
242,0.0,0.0,0.0,0.0,0.0,0.0,0.0,0.0,0.0,0.0,0.0,0.0,0.0,0.0,0.9852407310333798,0.0,0.011482590424066885,1.7769406412978774e-06,0.0032749016019119883,0.0
243,0.0,0.14270432596199123,0.0,0.0,0.0,0.0,0.17358933124838966,0.0,0.6836263804607607,1.7769406412978774e-06,3.5538812825957547e-06,0.0,0.0,0.0,0.0,7.463150693451086e-05,0.0,0.0,0.0,0.0
244,0.0,0.0,7.1077625651915095e-06,0.0,0.0,0.557717697440317,0.0,0.4422751947971178,0.0,0.0,0.0,0.0,0.0,0.0,0.0,0.0,0.0,0.0,0.0,0.0
245,0.0,1.7769406412978774e-06,0.0,0.025602160759819817,0.0,0.04282071557399625,0.0,0.9260934848471387,0.0,0.0,0.0,0.005480084937762654,1.7769406412978774e-06,0.0,0.0,0.0,0.0,0.0,0.0,0.0
246,1.7769406412978774e-06,0.0038968308263662454,0.0,0.10831163984967082,0.1321830604248665,0.0,0.0,2.4877168978170285e-05,5.330821923893632e-06,0.7518857782555773,0.0,0.002075466669035921,0.0,7.1077625651915095e-06,0.0015992465771680897,0.0,8.884703206489387e-06,0.0,0.0,0.0
247,0.2280419002603218,0.0,0.00026298721491208586,0.0,0.0,0.0,0.46731584231428747,0.2965927163203113,0.0,0.0,0.0,0.0004193579913462991,0.0,0.0,0.007258802519701829,0.0,0.0,4.620045667374481e-05,0.0,6.219292244542571e-05
248,5.330821923893632e-06,0.7716435812461685,0.0010199639281049816,0.0,0.002119890185068368,0.0,0.0004229118726288948,1.2438584489085143e-05,0.0988689772818139,0.07506508045098753,0.03652856876316047,0.0,0.0,0.0,0.0030385684966193704,0.011271134487752436,3.5538812825957547e-06,0.0,0.0,0.0
249,0.0,0.0,0.0,0.0,0.0,0.0,0.0,0.0,0.0,0.0,0.0,0.0,0.0,0.0,0.0,0.0,0.025260988156690627,0.0,0.9747390118433094,0.0
250,0.0,0.0,0.0,0.0,0.0,0.0,0.0,0.0,0.0,0.0,0.0,0.0,0.0,0.0,0.0,0.0,1.0,0.0,0.0,0.0
251,0.0,0.0,0.0,0.0,0.0,0.0,0.0,0.0,0.0,0.0,0.9999413609588371,0.0,0.0,0.0,0.0,5.863904116282996e-05,0.0,0.0,0.0,0.0
252,0.0,0.0,0.0,0.0,0.0,0.0,0.0,0.07103497907652395,0.0,0.0,0.0,0.0,0.9289650209234761,0.0,0.0,0.0,0.0,0.0,0.0,0.0
253,2.8431050260766038e-05,0.000275425799401171,0.0,8.173926949970236e-05,0.014291933577958828,0.0,0.0,1.0661643847787265e-05,0.002126997947633559,2.3100228336872406e-05,0.0,3.5538812825957547e-06,0.0,0.0001190550229669578,1.7769406412978774e-06,0.0,0.9830373246381705,0.0,0.0,0.0
254,0.0,0.0,0.0,0.0,0.0,0.0,0.0,0.0,0.0,0.0,0.0,0.0,0.0,0.0,1.0,0.0,0.0,0.0,0.0,0.0
255,0.00047088926994393753,0.7578758451573925,0.0,0.0,0.23876573703055448,0.0,1.7769406412978774e-06,0.0003393956624878946,0.0008404929233338961,0.0017058630156459623,0.0,0.0,0.0,0.0,0.0,0.0,0.0,0.0,0.0,0.0
256,4.620045667374481e-05,0.4244382646397697,0.0,1.7769406412978774e-06,0.5133314971613373,0.00044601210096576724,1.2438584489085143e-05,0.0,0.0001581477170755111,0.002635202971044752,0.0,0.026263182678382627,0.0,0.0,0.031777029488329944,0.0,0.0008902472612902366,0.0,0.0,0.0
257,0.0,0.0002683180368359795,0.0,0.0,3.9092694108553306e-05,0.0,0.0,0.0,3.1984931543361794e-05,0.5087132284346041,0.0,0.0,0.0,0.0,0.49094026814034275,7.1077625651915095e-06,0.0,0.0,0.0,0.0
258,0.0,0.00039981164429202243,0.0,0.0,6.752374436931934e-05,0.0,0.9995308876706973,0.0,0.0,1.7769406412978774e-06,0.0,0.0,0.0,0.0,0.0,0.0,0.0,0.0,0.0,0.0
259,0.0,0.0,0.00015459383579291533,0.0,0.0081206187307313,0.0,0.0,0.0,0.0,0.6285749824527112,0.2735848888967864,0.0,0.0,0.0,0.007758122839906533,0.015534015086226045,0.023425408474229917,0.04256839000293195,0.0002789796806837668,0.0
260,0.0,0.0,0.0,0.0,0.0,0.0,0.0,0.0,0.0,0.0,0.0,0.0,0.0,0.0,1.0,0.0,0.0,0.0,0.0,0.0
261,0.0,0.0,0.0,0.0,0.0,0.0,0.0,0.0,0.0,0.0,0.0,0.0,0.0,3.5538812825957547e-06,0.9996055191776319,0.0,0.0003873730598029373,3.5538812825957547e-06,0.0,0.0
262,0.0,0.0001030625571952769,0.0,0.0,0.9618792924222367,0.0,0.0,0.0,0.0019652963492754524,7.640844757580874e-05,0.0,0.0,0.0,0.0,0.03597594022371683,0.0,0.0,0.0,0.0,0.0
263,0.0,0.0,0.0,0.0,0.0,0.0,0.0,0.0,0.0,0.0,0.0,0.0,0.0,0.0,0.0,0.0,0.9999964461187174,3.5538812825957547e-06,0.0,0.0
264,0.0,0.0,0.0,0.6072410331132888,0.0,0.0,0.0,0.0,0.0,0.0,0.0,0.39275896688671114,0.0,0.0,0.0,0.0,0.0,0.0,0.0,0.0
265,0.15371958099739677,0.7659218323811893,0.0,0.0007978463479427469,0.016582410064591793,0.0,1.7769406412978774e-06,0.06277931285705401,0.0,3.5538812825957547e-06,1.7769406412978774e-06,2.8431050260766038e-05,0.0,0.0,3.5538812825957547e-06,0.00015992465771680898,0.0,0.0,0.0,0.0
266,0.0007143301378017467,0.003481026716302542,0.0,0.01028848631311471,0.0006343678089433423,0.0,0.0,0.0,0.00023988698657521345,0.0,0.0,0.9846419020372624,0.0,0.0,0.0,0.0,0.0,0.0,0.0,0.0
267,0.0,0.0,0.0,0.0,0.0,0.0,0.0,0.0,0.0,0.0,0.0,0.0,1.0,0.0,0.0,0.0,0.0,0.0,0.0,0.0
268,0.0,0.4079535863104493,0.0,1.7769406412978774e-06,0.0024823860758931347,0.0,1.7769406412978774e-06,0.0,2.3100228336872406e-05,1.9546347054276653e-05,0.0,0.5895178271569839,0.0,0.0,0.0,0.0,0.0,0.0,0.0,0.0
269,0.0,0.0,0.0,0.0,0.0,0.0,0.0,0.0,0.0,0.0,0.00013682442937993657,0.0,0.0,0.0,0.0,0.9988734196334171,0.0,0.0,0.0,0.0009897559372029176
270,0.0,0.0,0.0,5.330821923893632e-06,0.0,0.0,0.0007232148410082362,0.0,0.0,0.0,0.9992572388119375,0.0,0.0,0.0,0.0,1.4215525130383019e-05,0.0,0.0,0.0,0.0
271,0.0,0.0,0.0,0.978065444723819,0.0,0.0,0.0,0.0,0.0,0.0,0.0,0.021934555276181,0.0,0.0,0.0,0.0,0.0,0.0,0.0,0.0
272,0.0005632901832914271,0.0,0.0,0.0,0.0,0.0,0.0,0.0026263182678382627,0.0,0.0,0.0,0.0,0.0,0.0,0.0,0.0,0.0,0.0,0.9968103915488703,0.0
273,0.0,0.0,0.0,0.0,0.0,0.0,0.0,0.0,0.0,0.0,0.9740975362718008,0.0,0.0,0.0,0.0,0.025902463728199158,0.0,0.0,0.0,0.0
274,0.0,0.0,0.0,1.0,0.0,0.0,0.0,0.0,0.0,0.0,0.0,0.0,0.0,0.0,0.0,0.0,0.0,0.0,0.0,0.0
275,0.0,0.0,0.0,0.0,0.0,0.0,0.0,0.00011550114168436203,0.0,0.0,0.0,0.0,0.0,0.0,0.0,0.0,0.0,0.0,0.0,0.9998844988583157
276,0.12408021110054819,0.8028235586790223,0.0,0.020791982443826466,4.7977397315042694e-05,0.0,0.0,0.00015637077643421322,0.000261210274270788,0.0,0.0,0.049599744120547656,0.0022389452080353255,0.0,0.0,0.0,0.0,0.0,0.0,0.0
277,0.0,0.1407212602063028,0.0,0.0,0.08620827521256652,0.0,0.0,0.00018302488605368138,0.002047035618775155,0.18600126162785532,0.0,0.0004975433795634057,0.0,3.9092694108553306e-05,0.5442804723108224,0.0,0.0400167032420282,5.330821923893632e-06,0.0,0.0
278,0.001014633106181088,0.0,0.0,0.5395022789263725,0.0,0.0,0.0,0.0,0.0,0.0,0.0,0.45948308796744647,0.0,0.0,0.0,0.0,0.0,0.0,0.0,0.0
279,0.0,0.0,0.0,0.0,0.0,1.0,0.0,0.0,0.0,0.0,0.0,0.0,0.0,0.0,0.0,0.0,0.0,0.0,0.0,0.0
280,0.0,0.0,0.0,0.0,0.0,0.0,0.0,0.0,0.0,0.0,0.0,0.0,0.0,0.0,1.0,0.0,0.0,0.0,0.0,0.0
281,0.4177516370065658,0.0,0.0,0.044100112835730725,0.0,0.0,0.0,0.001929757536449495,0.0,0.0,0.0,0.5337680914769042,0.0,0.002450401144349773,0.0,0.0,0.0,0.0,0.0,0.0
282,0.0,4.975433795634057e-05,0.001725409362700239,0.0,0.016344300018657876,0.0,0.0,0.04079855712419927,3.0207990902063918e-05,0.0033921796842376483,0.0,0.0,0.0,0.0,0.9376595914813466,0.0,0.0,0.0,0.0,0.0
283,0.0,0.0,0.07080042291187263,0.0,0.0,0.0,3.5538812825957547e-05,0.0724245466580189,0.0,0.0,0.0,0.0,0.0,0.0,0.8567394916172826,0.0,0.0,0.0,0.0,0.0
284,0.0,0.0,0.0,0.0,0.9995877497712189,0.0,0.0,0.0,0.0,0.0004122502287811076,0.0,0.0,0.0,0.0,0.0,0.0,0.0,0.0,0.0,0.0
285,0.0,0.0,0.0,0.0,0.0,0.0,0.0,0.0,0.0,0.0,0.0,0.0,0.0,0.0,0.0,0.0,0.00011550114168436203,0.0,0.0,0.9998844988583157
286,0.0,0.0,0.0,0.0,0.25572663545174273,0.0,0.7442484873792791,2.4877168978170285e-05,0.0,0.0,0.0,0.0,0.0,0.0,0.0,0.0,0.0,0.0,0.0,0.0
287,0.0,0.0,0.0,0.0,0.0018480182669497924,0.0,0.0,0.0,0.0,0.0,0.0,0.0,0.0,0.0,0.9981519817330502,0.0,0.0,0.0,0.0,0.0
288,0.0,0.003120307766119073,0.0,0.0,0.09584107042904232,0.0,0.0,0.0,0.0,0.00032695707799880946,0.0,0.9001821364157331,0.0005295283111067674,0.0,0.0,0.0,0.0,0.0,0.0,0.0
289,1.0,0.0,0.0,0.0,0.0,0.0,0.0,0.0,0.0,0.0,0.0,0.0,0.0,0.0,0.0,0.0,0.0,0.0,0.0,0.0
290,0.0,0.0,0.0,0.0,0.0,0.0,0.0,0.0,0.0,0.0,0.0,0.0,0.0,0.0,0.04675841603511235,0.0,0.0,0.9532415839648877,0.0,0.0
291,0.0011159187227350671,0.09868595239576022,0.0,0.0001101703197604684,0.09682016472239745,0.0,0.7927536360647872,0.0,4.086963474985118e-05,3.5538812825957547e-06,0.0,0.01045729567403801,0.0,1.2438584489085143e-05,0.0,0.0,0.0,0.0,0.0,0.0
292,0.0,0.0,0.0,0.0,0.0,0.0,0.0,0.0,0.0,0.0,0.9885955949641502,0.0,0.0,0.0,1.7769406412978774e-06,0.01140262809520848,0.0,0.0,0.0,0.0
293,0.021216671257096656,0.17963092942880243,0.0,0.1950583280765506,0.09678817979085409,0.5020479240890958,2.8431050260766038e-05,0.005192220553872398,0.0,0.0,0.0,1.7769406412978773e-05,1.9546347054276653e-05,0.0,0.0,0.0,0.0,0.0,0.0,0.0
294,2.4877168978170285e-05,0.01491030892113049,0.0,0.0,0.49642746084067063,0.024241024228585643,0.0,0.15448011159187228,0.17084218101694312,0.1390740362318197,0.0,0.0,0.0,0.0,0.0,0.0,0.0,0.0,0.0,0.0
295,0.0,0.0,0.0,0.0,0.0,0.0,0.0,0.0,0.0,0.0,0.0,0.0,1.0,0.0,0.0,0.0,0.0,0.0,0.0,0.0
296,0.00012438584489085142,0.0,0.000581059589704406,0.0,0.0001190550229669578,0.0,0.0,0.031229731770810197,0.0,0.036345543877106784,0.021468996828160954,0.0,0.0,0.0,0.0027311577656748375,0.9074000693006851,0.0,0.0,0.0,0.0
297,0.0,0.0,0.0,0.0,0.0,0.0,0.0,0.0,0.0,0.0,0.0,0.0,0.0,0.0,0.0,0.0,0.9998187520545876,0.0001812479454123835,0.0,0.0
298,0.00014037831066253232,0.4079375938446776,0.0,0.01475926896662017,0.377212513215996,0.0,0.194052579673576,0.0,1.5992465771680897e-05,0.005492523522251739,0.00025587945234689435,1.9546347054276653e-05,0.0,1.7769406412978774e-06,5.6862100521532076e-05,0.0,3.5538812825957547e-05,1.9546347054276653e-05,0.0,0.0
299,0.0,0.0,0.0,0.0,0.0,0.0,0.00010483949783657477,0.0,0.0,0.0,0.99976722077599,0.0,0.0,0.0,0.0,0.00012793972617344718,0.0,0.0,0.0,0.0
300,0.4766892041971338,2.8431050260766038e-05,0.0,0.1610778921930113,0.012106296589162438,0.0,0.3163771734205219,0.02726537720007463,0.0,0.0004513429228896609,0.0,0.0,0.0,0.0,0.0,0.0,0.0,0.0,0.006004282426945528,0.0
301,0.0,0.00016170159835810684,0.0,0.0,0.005769726262294208,0.0,0.9940561335548586,0.0,5.330821923893632e-06,5.330821923893632e-06,0.0,1.7769406412978774e-06,0.0,0.0,0.0,0.0,0.0,0.0,0.0,0.0
302,0.0,0.0,0.0,0.0,0.0,0.0,0.0,0.02331523815446945,0.0,0.0,0.15419047026734073,0.0,0.0,0.0,0.6553250468668094,0.16716746777073913,0.0,1.7769406412978774e-06,0.0,0.0
303,0.000522420548541576,0.03449930255079829,0.0,0.0,0.5844464385667196,0.0,0.16233418922640888,1.7769406412978774e-06,0.10325624372517836,0.008056648867644576,0.10688297957406732,0.0,0.0,0.0,0.0,0.0,0.0,0.0,0.0,0.0
304,0.0,0.028020576972626228,0.022750171030536726,0.0,0.12456886977690511,0.0,0.0,0.0,0.8246355050509537,1.7769406412978773e-05,1.7769406412978774e-06,0.0,0.0,0.0,3.5538812825957547e-06,0.0,0.0,0.0,1.7769406412978774e-06,0.0
305,7.818538821710661e-05,0.060707400069300685,0.0,0.0,0.5696978312439474,0.12224463141808747,2.132328769557453e-05,0.0376729185361563,0.2092791840288575,0.00029852602773804344,0.0,0.0,0.0,0.0,0.0,0.0,0.0,0.0,0.0,0.0
306,0.0,0.0,0.0,0.0,0.0,0.9963537178040568,0.0,0.0036462821959432445,0.0,0.0,0.0,0.0,0.0,0.0,0.0,0.0,0.0,0.0,0.0,0.0
307,0.0024521780849910708,0.024816752996366157,0.0,0.0,0.46607909162794414,0.0,0.04945936580988512,5.330821923893632e-06,3.5538812825957547e-05,0.0002061251143905538,0.45645695805531616,0.0,0.0,0.0,7.1077625651915095e-06,0.00048155091379172477,0.0,0.0,0.0,0.0
308,0.02016827627873091,0.019066573081126224,0.0,1.2438584489085143e-05,0.23678267127486607,0.0,0.614865885405098,0.00019368652990146864,0.0008351621014100024,0.10807530674437821,0.0,0.0,0.0,0.0,0.0,0.0,0.0,0.0,0.0,0.0
309,0.0025854486330884117,0.04171012767318508,0.0,0.0020807974909598146,0.07457286789334802,0.0,0.8782546889021172,0.0,0.0,0.0007587536538341936,0.0,3.731575346725543e-05,0.0,0.0,0.0,0.0,0.0,0.0,0.0,0.0
310,0.0,0.0,0.0,0.0,0.0,0.0,0.0,0.0,0.10183291427149876,0.0,0.00015637077643421322,0.0,0.0,0.0,0.0,0.8980107149520671,0.0,0.0,0.0,0.0
311,0.0,0.0,0.0,0.0,0.0,0.0,0.08768491288548506,0.0,0.0,0.0,0.9067888017200786,0.004815509137917248,0.0,0.0,0.0,0.000710776256519151,0.0,0.0,0.0,0.0
312,0.0,0.0,0.0,0.0,0.001334482421614706,0.0,0.0,1.5992465771680897e-05,0.008456460511936598,0.4044210283155491,0.0,0.0,0.0,0.0,0.23300311853082548,0.0,1.0661643847787265e-05,0.0,0.35275825611045464,0.0
313,0.0,0.0,1.7769406412978774e-06,0.0,0.055389016729896136,0.0,0.0,0.0,0.000710776256519151,0.14111396408802965,0.030053397066271,0.4999635727168534,0.0,0.0,0.2573703055449433,3.5538812825957547e-05,0.01279219567670342,0.0025694561673167307,0.0,0.0
314,0.0,0.0,0.0,0.0,0.0,1.0,0.0,0.0,0.0,0.0,0.0,0.0,0.0,0.0,0.0,0.0,0.0,0.0,0.0,0.0
315,0.0,3.731575346725543e-05,0.0,0.8916901370909704,1.7769406412978774e-06,0.0,0.0,0.003440157081552691,0.0,0.0,0.0,0.10483061313336828,0.0,0.0,0.0,0.0,0.0,0.0,0.0,0.0
316,0.0,0.0,0.0,0.0,0.0,0.0,0.0,0.0,0.0,0.0,0.0,0.0,0.0,0.0,0.227965491812746,0.772034508187254,0.0,0.0,0.0,0.0
317,5.330821923893632e-06,0.0,0.0,0.0,8.884703206489387e-06,0.0,0.9999857844748696,0.0,0.0,0.0,0.0,0.0,0.0,0.0,0.0,0.0,0.0,0.0,0.0,0.0
318,0.001435768038168685,9.240091334748962e-05,0.0,3.5538812825957547e-06,0.6387621831492719,0.0,0.0,0.34989205085604114,7.1077625651915095e-06,5.330821923893632e-06,0.0,0.009801604577399092,0.0,0.0,0.0,0.0,0.0,0.0,0.0,0.0
319,0.016084866685028388,0.750851598802342,0.0,9.240091334748962e-05,0.09894005490746581,0.00034117260312919247,0.024073991808303642,0.1089975389372118,0.0005686210052153207,1.9546347054276653e-05,5.330821923893632e-06,2.3100228336872406e-05,0.0,0.0,1.7769406412978774e-06,0.0,0.0,0.0,0.0,0.0
320,0.0,0.0,0.0,0.0,0.0,0.0,0.0,0.0,0.0,0.0,0.0,0.0,0.0,0.0,0.0,0.0,0.0,0.0,0.0,1.0
321,0.0,0.0,0.0,0.0,0.0,1.0,0.0,0.0,0.0,0.0,0.0,0.0,0.0,0.0,0.0,0.0,0.0,0.0,0.0,0.0
322,1.7769406412978774e-06,0.0,0.009885120787540093,0.0,0.0,0.0,0.026790934048848098,7.1077625651915095e-06,0.0,0.0,0.038038968308263664,0.0,0.0,0.0,0.14820395724680818,0.21750641919806668,0.017083507325437793,0.0006450294527911295,0.5418371789290378,0.0
323,0.11453626291613729,0.20524730571375263,0.0,0.42003855961191616,0.09055467202118113,0.0,1.9546347054276653e-05,0.16934244311568772,0.00013504748873863868,5.330821923893632e-06,0.0,0.0001190550229669578,1.7769406412978774e-06,0.0,0.0,0.0,0.0,0.0,0.0,0.0
324,0.6205343260508382,0.06495784208328521,0.0,0.3108917576608353,0.0010110792248984922,0.0,5.153127859763845e-05,0.002233614386111432,1.7769406412978774e-06,0.0,0.0,0.00031807237479232004,0.0,0.0,0.0,0.0,0.0,0.0,0.0,0.0
325,0.0,0.0,0.0,0.0,0.0,0.0,0.0,0.0,0.0,0.0,0.9457659946869474,0.0,0.0,0.0,0.0,0.054234005313052516,0.0,0.0,0.0,0.0
326,8.884703206489387e-06,0.00011372420104306415,0.0,0.0,0.0,0.0,0.0012385276269846206,1.7769406412978774e-06,0.0,0.0,0.0004158041100637033,0.0,0.0,0.0,0.1589757714143559,0.023839435643652325,0.0,0.8154060753600526,0.0,0.0
327,0.0,0.0015850310520377066,0.0,0.6109566159942427,5.330821923893632e-06,0.0,0.0,0.0,0.0,0.0,0.0,0.38745302213179567,0.0,0.0,0.0,0.0,0.0,0.0,0.0,0.0
328,0.0,0.0,0.0,0.0,0.021053192718097254,0.0,0.0,0.969982141746555,0.0,0.008964665535347792,0.0,0.0,0.0,0.0,0.0,0.0,0.0,0.0,0.0,0.0
329,0.33365614421650247,0.3990919833322968,0.0,0.08174282338098496,0.015027587003456149,0.06737270441480903,0.0002505486304230007,0.10285820902152763,0.0,0.0,0.0,0.0,0.0,0.0,0.0,0.0,0.0,0.0,0.0,0.0
330,0.08766536653843078,0.17466260339573356,0.0,3.5538812825957547e-06,0.1509297841905591,0.0,0.5856974047781934,0.0,0.00012793972617344718,7.285456629321297e-05,0.0,0.0008404929233338961,0.0,0.0,0.0,0.0,0.0,0.0,0.0,0.0
331,0.0,0.0,0.0,1.7769406412978774e-06,0.0190896733094631,0.0,0.0,0.0013078283119952378,0.0,0.0,0.0,0.0,0.0,0.0,0.0008298312794861088,0.0,0.009199221699999111,0.9695716684584151,0.0,0.0
332,8.884703206489387e-06,0.0,0.0,0.0,0.0,0.0,0.0,0.9999911152967935,0.0,0.0,0.0,0.0,0.0,0.0,0.0,0.0,0.0,0.0,0.0,0.0
333,1.0,0.0,0.0,0.0,0.0,0.0,0.0,0.0,0.0,0.0,0.0,0.0,0.0,0.0,0.0,0.0,0.0,0.0,0.0,0.0
334,3.5538812825957547e-06,0.0,0.0,0.0,0.0,0.0,0.0,0.00013682442937993657,0.0,0.0,0.7845814860554583,0.0,0.0,0.0,0.0,0.21527813563387915,0.0,0.0,0.0,0.0
335,7.107762565191509e-05,0.0,0.0,0.01370376622568923,0.0,0.0,0.0,0.0006770143843344913,0.0,0.00012793972617344718,0.0,6.930068501061722e-05,0.0,0.005124696809503079,0.0,0.0,0.9802262045436372,0.0,0.0,0.0
336,0.00849733014668645,0.0,0.0,0.636251366023118,0.0,0.0,0.0,0.08601458868266505,0.0,0.0,0.0,0.2692367151475305,0.0,0.0,0.0,0.0,0.0,0.0,0.0,0.0
337,0.0,0.0,0.0,0.0,0.0,0.0,0.0,0.0,0.0,0.0,0.0,0.0,0.0,0.0,0.0,0.0,6.0415981804127835e-05,0.9932671719101224,0.00667241210807353,0.0
338,0.1043135234067506,0.289659093937967,0.0,8.884703206489387e-06,0.6001759171234885,0.0,0.0007320995442147255,0.00477997032509129,0.0002043481737492559,9.062397270619175e-05,0.0,3.5538812825957547e-05,0.0,0.0,0.0,0.0,0.0,0.0,0.0,0.0
339,0.11978889945181381,0.05528417723205956,0.0,0.0,0.1221468996828161,0.0,0.2816806304585395,0.29121924782102654,1.4215525130383019e-05,0.02826224089984274,0.10090357431609998,0.0,0.0,0.0,0.0,0.0007001146126713637,0.0,0.0,0.0,0.0
340,0.0,5.153127859763845e-05,0.0,4.975433795634057e-05,0.08076195214698853,0.0,0.7580624239247288,0.0,0.0,4.620045667374481e-05,0.08651923982479365,0.0,0.0,0.0001030625571952769,0.0,0.07440583547306602,0.0,0.0,0.0,0.0
341,0.0,0.33666095084093717,0.0,0.0031718390447167113,0.017314509608806518,0.0,0.539159329382602,0.0,0.0,4.975433795634057e-05,0.08827663411903726,0.0,0.0,0.0,0.015347436318889768,1.9546347054276653e-05,0.0,0.0,0.0,0.0
342,0.0,0.0,0.0,0.0,0.0,0.0,0.0,0.0,0.0,0.0,0.0,0.0,0.0,0.0,0.9998596216893375,0.00014037831066253232,0.0,0.0,0.0,0.0
343,0.3995024566204366,0.18046786847085372,0.0,3.376187218465967e-05,0.02308068198981813,0.0,0.39690101552157653,0.0,0.0,1.2438584489085143e-05,0.0,1.7769406412978774e-06,0.0,0.0,0.0,0.0,0.0,0.0,0.0,0.0
344,0.0,0.0,0.0,0.0076763835704068304,0.0,0.0,0.0,0.0,0.0,0.0,0.0,0.9923236164295932,0.0,0.0,0.0,0.0,0.0,0.0,0.0,0.0
345,0.0,0.0,0.0,0.0,0.0,0.0,0.0,0.0,0.0,0.0,0.0,0.0,0.0,0.0,0.0,0.0,0.0,0.0,0.0,1.0
346,0.0,0.0,0.0,0.0,0.0,0.0,0.0,0.0,0.0,0.0,0.9939086474816309,0.0,0.0,0.0,0.0,0.006091352518369124,0.0,0.0,0.0,0.0
347,0.0,0.0,0.0,0.0,0.0,0.0,0.0,1.7769406412978774e-06,0.0,0.0,0.0,0.0,0.0,0.0,0.002029266212362176,0.0,0.0,0.9979689568469965,0.0,0.0
348,0.0,0.0,0.0,0.9957069114106243,0.0,0.0,0.0,0.0,0.0,0.0,0.0,0.004293088589375672,0.0,0.0,0.0,0.0,0.0,0.0,0.0,0.0
349,0.0002363331052926177,0.0,0.0,0.0,0.0,0.0,0.0,0.07305358364503833,0.0,0.0,0.0,0.0,0.00020079429246666015,0.0,0.0,0.0,0.005862127175641697,0.6058763427007721,0.31477081908078863,0.0
350,0.9974767442893571,0.0,0.0,0.0023224614181763257,3.1984931543361794e-05,0.0,0.00013327054809734082,3.5538812825957547e-05,0.0,0.0,0.0,0.0,0.0,0.0,0.0,0.0,0.0,0.0,0.0,0.0
351,0.00162412374614626,0.04577754480111592,0.0,7.1077625651915095e-06,0.8450276758504882,0.0,0.07142235213632689,0.015903618739616,0.00019546347054276653,0.017620143399109753,0.00031274155286842645,3.5538812825957547e-06,0.0,0.0,0.0021056746599379846,0.0,0.0,0.0,0.0,0.0
352,0.0,0.0,0.0,0.0,0.0,0.0,0.0,0.0,0.0,0.0,0.21140440503584979,0.0,0.0,0.0,0.022833687240677726,0.7657619077234725,0.0,0.0,0.0,0.0
353,0.09621778184499746,3.5538812825957547e-06,8.884703206489387e-05,1.7769406412978774e-06,0.09856689737279326,0.0,0.5655788828374189,6.574680372802146e-05,1.7769406412978774e-06,0.009925990422289943,0.00017769406412978774,4.975433795634057e-05,0.0,0.0,0.000984425115279024,0.09086563663340826,0.02579229340843869,2.4877168978170285e-05,0.11165406519595213,0.0
354,0.12153918598349223,2.8431050260766038e-05,0.0,0.0017342940659067284,1.7769406412978774e-06,0.0,0.0,0.00017591712348848988,0.0,0.0,0.0,0.8765203948362105,0.0,0.0,0.0,0.0,0.0,0.0,0.0,0.0
355,1.7769406412978774e-06,0.0,0.0,0.9945785541034001,0.0,0.0,0.0,0.0,0.0,0.0,0.0,0.005419668955958527,0.0,0.0,0.0,0.0,0.0,0.0,0.0,0.0
356,0.03479960551917763,1.7769406412978774e-06,0.0,0.0,0.00044245821968317146,0.963450107949144,0.001302497490071344,3.5538812825957547e-06,0.0,0.0,0.0,0.0,0.0,0.0,0.0,0.0,0.0,0.0,0.0,0.0
357,0.15434328716249235,0.015304789743498618,0.0,0.001885334020417048,0.009561717590823878,0.0,0.0839657761232486,0.03728554547635336,3.5538812825957547e-06,0.6185299370074543,0.0,0.079118282053788,0.0,0.0,1.7769406412978774e-06,0.0,0.0,0.0,0.0,0.0
358,0.0,0.0,0.0,0.0,0.0,0.0,0.0,0.0,0.0,0.0,0.0,0.0,0.0,0.0,0.0,0.0,0.0,0.00010839337911917052,0.9998916066208808,0.0
359,0.0876582587758656,0.027005943866445142,1.7769406412978774e-06,0.8640924719909732,0.017680559380913882,0.0,0.0011159187227350671,0.0024130853908825175,0.0,0.0,1.7769406412978773e-05,3.5538812825957547e-06,0.0,0.0,1.0661643847787265e-05,0.0,0.0,0.0,0.0,0.0
360,0.0019333114177320907,0.00020257123310795804,0.0,0.0,0.0441996215116434,0.0,0.01377128997005855,0.0,0.0,0.4046093840235267,0.3192131706840333,1.7769406412978774e-06,0.0,0.0,0.2134727639423205,0.002596110276936199,0.0,0.0,0.0,0.0
361,0.00014748607322772383,0.0,0.003049230140467158,0.0,0.2625252103453484,0.0,0.0006290369870194486,0.005887004344619868,0.0,0.025335619663625138,0.0084546835712953,1.4215525130383019e-05,0.0,0.0,0.04850159480422556,0.1108402263822377,0.0,0.5345943688751077,0.0,2.132328769557453e-05
362,0.0007694152976819809,0.6411379527866872,0.0,0.001405560047266621,0.3090970476131245,0.0,0.02841328085435306,0.0,0.017957762120956348,0.0011567883574849181,8.884703206489387e-06,5.330821923893632e-05,0.0,0.0,0.0,0.0,0.0,0.0,0.0,0.0
363,0.00010839337911917052,0.0,0.0,0.0,0.0,0.0,0.0,0.023521363268860004,0.0,0.0,0.0,0.0,0.0,0.0,0.0,0.0,0.0,0.0,0.0,0.9763702433520208
364,0.0,0.0,0.0,0.0,0.0,0.0,0.0,0.0,0.0,0.0,0.0,0.0,0.0,0.0,0.0,0.0,0.9232095101863123,0.07679048981368777,0.0,0.0
365,0.0,0.0,0.0,0.0,0.0,0.0,0.0,0.0,0.0,0.0,0.0,0.0,1.0,0.0,0.0,0.0,0.0,0.0,0.0,0.0
366,0.0,0.0,0.0,0.0,0.0,0.0,0.0,0.0,0.0,0.0,0.8983110179204463,0.0,0.0,0.0,9.062397270619175e-05,0.10159835810684745,0.0,0.0,0.0,0.0
367,0.0008138388137144279,0.0035254502323349888,0.0,0.480872122466749,0.33087345517223,0.0,0.0,0.0004904356169982141,5.330821923893632e-06,1.7769406412978774e-06,0.0,0.18341758993540822,0.0,0.0,0.0,0.0,0.0,0.0,0.0,0.0
368,0.0039696853926594585,0.0312261778895276,7.1077625651915095e-06,0.0005490746581610441,0.000188355707977575,0.9103622293497285,0.00027720274004246887,0.007614190647961405,0.0,0.0,0.00013149360745604293,1.4215525130383019e-05,0.007623075351167894,0.0,0.03803008360505717,3.5538812825957547e-06,0.0,0.0,3.5538812825957547e-06,0.0
369,0.3150231446518529,0.3782218155002532,0.0,0.01019786234040852,0.13439890540456495,0.0,1.7769406412978774e-06,0.1552886195836628,7.1077625651915095e-06,0.0,0.0,0.0068607678160511045,0.0,0.0,0.0,0.0,0.0,0.0,0.0,0.0
370,0.014437642710545253,0.008358728776665216,0.0,0.975625705223317,0.0015103995451031958,0.0,4.975433795634057e-05,0.0,1.7769406412978774e-06,1.7769406412978774e-06,0.0,1.4215525130383019e-05,0.0,0.0,0.0,0.0,0.0,0.0,0.0,0.0
371,0.0,0.0,0.0,0.0,0.0,0.0,0.0,0.0,0.0,0.0,0.02196654020772436,0.0,0.0,0.0,0.9342229882810764,0.04381047151119917,0.0,0.0,0.0,0.0
372,0.0,0.0,0.0,0.013758851385569464,0.0,4.7977397315042694e-05,0.0,0.0,0.0,0.0,0.0,0.9861931712171155,0.0,0.0,0.0,0.0,0.0,0.0,0.0,0.0
373,0.006386324664824572,0.00019190958926017078,0.0,0.0800351834246977,0.005794603431272379,0.0,1.0661643847787265e-05,0.0,0.0,5.330821923893632e-06,0.0,0.9075724325428909,3.5538812825957547e-06,0.0,0.0,0.0,0.0,0.0,0.0,0.0
374,0.0,0.011599868506392544,0.010284932431832115,0.0,0.0006130445212477677,0.0,0.0,0.0,0.023947829022771493,0.0,0.0,0.0,0.0,0.0,0.9535543255177561,0.0,0.0,0.0,0.0,0.0
375,0.0,0.0,0.0,0.0,0.0,0.0,0.0,0.0,0.0,0.0,0.0,0.0,0.0,0.0,0.0,0.0,0.0,0.0,0.0,1.0
376,0.0,0.0,0.0,0.0,0.0,0.0,0.0,0.0,0.0,0.0,0.0,0.0,0.0,0.0,0.0,0.0,5.330821923893632e-06,0.9871953657388075,0.01279930343926861,0.0
377,0.025330288841701243,0.000607713699323874,0.0,0.0,0.0010128561655397901,0.0,0.9110641209030412,0.06038577381322577,1.9546347054276653e-05,0.0015175073076683873,0.0,0.0,0.0,6.219292244542571e-05,0.0,0.0,0.0,0.0,0.0,0.0
378,0.19000115501141684,0.10014659760290708,0.0,0.0,0.6708786083000897,0.0,0.0023029150711220492,8.173926949970236e-05,0.00010661643847787265,0.03619805780387906,0.0,5.863904116282996e-05,0.0,0.0,0.00022567146144483044,0.0,0.0,0.0,0.0,0.0
379,0.0,0.0,0.0,0.0,0.0,0.0,0.0,0.0,0.0,0.0,0.0010075253436158966,0.0,0.0,0.0,0.0,0.9989924746563841,0.0,0.0,0.0,0.0
380,0.010656313025863371,0.0009240091334748962,0.0,0.12024379625598607,0.17931285705401012,0.0,0.5919184739633773,0.0,0.0004833278544330227,0.0071433013780174675,1.5992465771680897e-05,0.044650964434533064,0.0,2.665410961946816e-05,0.033449130631791245,0.0,0.011137863939655096,3.731575346725543e-05,0.0,0.0
381,0.0,0.0,0.0,0.0,0.0,0.0,0.0,1.0,0.0,0.0,0.0,0.0,0.0,0.0,0.0,0.0,0.0,0.0,0.0,0.0
382,6.219292244542571e-05,0.0,0.0,0.007786553890167299,0.0,0.0,0.0034525956660417757,0.0,0.0,3.5538812825957547e-06,0.0,0.0,0.0,0.2167334500191021,0.0,0.00013504748873863868,0.7718266061322222,0.0,0.0,0.0
383,0.42515970254013663,0.0,0.0,0.0,0.0,0.0,0.42767762742885573,0.0,0.0,0.14462164491395166,0.002510817126153901,1.7769406412978774e-06,0.0,7.1077625651915095e-06,0.0,2.132328769557453e-05,0.0,0.0,0.0,0.0
384,0.0,0.0,0.0,0.0,0.0,0.0,0.0,0.0,0.0,0.0,0.0,0.0,0.0,0.0,0.0,0.0,0.0,1.0,0.0,0.0
385,0.0,0.0,0.0,0.0,0.0,0.0,0.0,0.0,0.0,0.0,0.9756292591045996,0.0,0.0,0.0,0.0,0.024370740895400388,0.0,0.0,0.0,0.0
386,0.0,0.0,0.0,0.0,0.0,0.0,0.9926701198546463,0.0,0.0,0.0,3.376187218465967e-05,0.0,0.0,0.0,0.0,0.0072961182731690844,0.0,0.0,0.0,0.0
387,0.0,0.00012616278553214929,0.0,0.0,0.15977717164358124,0.0,0.0,0.0,0.0014410988600925786,0.838655566710794,0.0,0.0,0.0,0.0,0.0,0.0,0.0,0.0,0.0,0.0
388,0.0,0.0,0.0,0.0,0.0,0.0,0.0,2.132328769557453e-05,0.0,1.0661643847787265e-05,0.0,0.0007534228319103,0.9991701687205139,0.0,0.0,0.0,2.665410961946816e-05,0.0,1.7769406412978773e-05,0.0
389,0.1345339528933036,0.005574262791751441,0.0,0.04262880598473608,0.7433333629490106,0.0,0.0,0.00026298721491208586,7.1077625651915095e-06,0.07298961378195161,0.0,0.0004477890416070651,0.0,0.000174140182847192,0.0,0.0,4.7977397315042694e-05,0.0,0.0,0.0
390,0.0,0.37391273444510587,0.005629347951631676,0.42977797126686984,0.0,0.0,0.0,0.0,0.16465131982266132,0.0,0.0,0.00016347853899940473,0.0,0.025467113271081178,0.0,0.0,7.107762565191509e-05,0.00015459383579291533,0.00017236324220589412,0.0
391,0.0,0.0,0.0,0.0,0.0,0.0,0.0,0.0,0.0,0.0,1.0,0.0,0.0,0.0,0.0,0.0,0.0,0.0,0.0,0.0
392,0.0454612493669649,0.01469174522225085,0.0,0.24533330964079145,0.5926843353797766,0.0014801915542011319,2.665410961946816e-05,0.08825353389070038,0.0006539141559976189,0.0005917212335521932,0.0003216262560749158,1.4215525130383019e-05,0.010487503664940072,0.0,0.0,0.0,0.0,0.0,0.0,0.0
393,0.0,0.8665659733636598,0.0,0.0,0.0,0.0,0.0,0.0,0.13343402663634021,0.0,0.0,0.0,0.0,0.0,0.0,0.0,0.0,0.0,0.0,0.0
394,0.0,0.0,0.0,0.0,0.0,0.0,0.0,0.0,0.0,0.0,9.41778539887875e-05,0.0,0.0,0.0,0.0,0.9999058221460112,0.0,0.0,0.0,0.0
395,0.0,0.0,0.0,0.0,0.048190630191998436,0.0,0.0,0.8247350137268664,3.5538812825957547e-06,0.1270708021998525,0.0,0.0,0.0,0.0,0.0,0.0,0.0,0.0,0.0,0.0
396,0.0,0.0,0.0,0.0,0.0,1.0,0.0,0.0,0.0,0.0,0.0,0.0,0.0,0.0,0.0,0.0,0.0,0.0,0.0,0.0
397,0.0,0.0,0.0,0.0,1.7769406412978774e-06,0.0,0.0,0.0,0.0,0.0,0.0,0.00031096461222712853,0.9996872584471316,0.0,0.0,0.0,0.0,0.0,0.0,0.0
398,1.7769406412978774e-06,0.00012616278553214929,0.0,0.0,0.11112098300356277,0.0,0.0,0.8866667258980214,0.0020843513722424104,0.0,0.0,0.0,0.0,0.0,0.0,0.0,0.0,0.0,0.0,0.0
399,4.7977397315042694e-05,0.0,0.0,0.0,3.0207990902063918e-05,0.0,0.9999218146117829,0.0,0.0,0.0,0.0,0.0,0.0,0.0,0.0,0.0,0.0,0.0,0.0,0.0
400,0.0,0.0,0.0,0.0,0.0,0.0,0.0,0.0,0.0,0.0,0.0,0.0,1.0,0.0,0.0,0.0,0.0,0.0,0.0,0.0
401,0.0,0.11421819054134497,0.0,0.0,0.03303865734365143,0.0,0.0560056151324265,0.0,0.024416941352074135,0.045404387266443365,0.718996383925795,0.0,0.0,0.0,0.0,0.00791982443826464,0.0,0.0,0.0,0.0
402,0.0,0.0,0.0,0.0,0.0,0.0,0.0,0.0,0.0,0.0,0.0,0.0,0.0,0.0,0.00014570913258642594,0.9998542908674136,0.0,0.0,0.0,0.0
403,0.0,0.0,0.0,0.0,0.0,0.0,0.0,1.0,0.0,0.0,0.0,0.0,0.0,0.0,0.0,0.0,0.0,0.0,0.0,0.0
404,0.0,0.0,0.0,0.9991630609579487,0.0,0.0,0.0,0.0,0.0,0.0,0.0,0.0008369390420513002,0.0,0.0,0.0,0.0,0.0,0.0,0.0,0.0
405,0.0,0.0,0.0,0.0,0.0,0.0,0.0,0.0,0.0,0.0,0.0,3.5538812825957547e-06,0.0,0.0,0.0,0.0,0.5002372215756132,2.3100228336872406e-05,0.0,0.49973612431476727
406,0.0,0.0,0.0,0.0,0.0,0.0,0.0,0.0,0.0,0.0,0.0,1.0,0.0,0.0,0.0,0.0,0.0,0.0,0.0,0.0
407,0.0,0.0,0.0,0.0,0.0,0.0,0.0,0.0,0.0,0.0,0.0,0.0,0.0,0.0,1.7769406412978774e-06,0.0,0.006938953204268211,0.9930592698550905,0.0,0.0
408,0.0,0.0,0.0,0.0,0.0008600392703881727,0.0,0.0,0.0,0.0,0.9991399607296119,0.0,0.0,0.0,0.0,0.0,0.0,0.0,0.0,0.0,0.0
409,0.0,0.0,0.0,0.0,0.0,0.0,0.0,0.0,0.0,0.0,0.0,0.0,0.0,0.0,1.0,0.0,0.0,0.0,0.0,0.0
410,0.0,0.0,0.0,0.0,0.0,1.0,0.0,0.0,0.0,0.0,0.0,0.0,0.0,0.0,0.0,0.0,0.0,0.0,0.0,0.0
411,0.0003696036533899585,0.005595586079447016,0.0,0.956518262507441,0.0,0.0,0.0,0.037514770819080785,0.0,0.0,0.0,1.7769406412978774e-06,0.0,0.0,0.0,0.0,0.0,0.0,0.0,0.0
412,0.0,0.0,0.0,0.9965474043339583,0.0,0.0,0.0,0.0,0.0,0.0,0.0,0.0034525956660417757,0.0,0.0,0.0,0.0,0.0,0.0,0.0,0.0
413,0.0,0.0,0.0,0.0,0.0,0.0,0.0,0.0,0.0,0.0,0.0,0.0,0.0,0.0,0.0,0.0,0.0,1.0,0.0,0.0
414,0.0,0.0,0.0,0.0,0.0015708155269073237,0.0,1.7769406412978774e-06,0.0,0.0,0.0,0.9861256474727462,0.0,0.0,0.0,0.0,0.012301760059705206,0.0,0.0,0.0,0.0
415,0.0,0.0,0.0,0.0,0.0,0.0,0.0,0.0,0.0,0.0,0.0,0.0,1.0,0.0,0.0,0.0,0.0,0.0,0.0,0.0
416,0.0,7.1077625651915095e-06,0.00019368652990146864,0.0,0.0,0.0,9.062397270619175e-05,2.8431050260766038e-05,0.0,0.0,0.02308956669302462,0.0,0.0,0.0,0.0002203406395209368,0.0,0.0,0.0,0.0,0.9763702433520208
417,0.0,0.0,0.0,0.0,0.0,0.0,0.0,0.0,0.0,0.0,1.0,0.0,0.0,0.0,0.0,0.0,0.0,0.0,0.0,0.0
418,0.0,0.0,3.1984931543361794e-05,0.0,0.0,0.0,0.0,0.003983900917789841,0.0,0.0,4.4423516032446935e-05,0.0,0.0,0.0,0.849279894805114,0.14665979582952032,0.0,0.0,0.0,0.0
419,0.3804074524890496,0.0,0.0,0.0,0.0,0.0,0.0,0.6195925475109504,0.0,0.0,0.0,0.0,0.0,0.0,0.0,0.0,0.0,0.0,0.0,0.0
420,0.0,0.06145726901992839,1.0661643847787265e-05,0.0,0.0037564525157037128,0.0,0.0,0.0,0.00012083196360825567,0.7963164020505895,0.0,0.0,0.0,0.0,0.0,0.0,7.1077625651915095e-06,0.00014748607322772383,0.13818378897052944,0.0
421,0.006524926034845806,0.011312004122502288,0.0,0.42164313701100814,0.005096265759242312,7.1077625651915095e-06,0.0,0.0,1.4215525130383019e-05,0.011615860972164225,0.0,0.5417518857782556,0.0,0.0,0.0020345970342860696,0.0,0.0,0.0,0.0,0.0
422,0.003550327401313159,0.0,0.0,2.132328769557453e-05,0.0,0.0,5.330821923893632e-06,0.7941911810435972,0.0,0.0,0.08808294758913579,0.0,0.0003234031967162137,0.0,0.0,0.11365845423933614,0.0,0.0,0.0,0.00016703242028200048
423,0.0,0.0,0.0,0.0,0.20117811164518049,0.0,0.543580357698151,0.0,0.0,0.010027276038843923,0.24511474594191182,3.731575346725543e-05,0.0,0.0,0.0,6.219292244542571e-05,0.0,0.0,0.0,0.0
424,0.01086599202153652,5.330821923893632e-05,0.0,0.9859372917647686,8.884703206489387e-06,0.0,1.7769406412978773e-05,3.0207990902063918e-05,0.0,0.0,0.0,0.0030527840217497533,3.376187218465967e-05,0.0,0.0,0.0,0.0,0.0,0.0,0.0
425,0.0,0.0,0.0,0.0,0.9954954554743098,0.0,0.0007161070784430446,0.0,0.0002043481737492559,0.00048155091379172477,2.132328769557453e-05,0.0,0.0,0.0,0.003079438131369222,1.7769406412978774e-06,0.0,0.0,0.0,0.0
426,0.0,0.0,0.0,0.005444546124936696,0.0,0.0,0.0,7.463150693451086e-05,0.0,0.0,0.0,1.7769406412978774e-06,0.0,0.0,0.0,0.0,0.9944737146055636,5.330821923893632e-06,0.0,0.0
427,0.0001972404111840644,0.0,0.0,0.0,0.0,0.0,0.0,0.9998027595888159,0.0,0.0,0.0,0.0,0.0,0.0,0.0,0.0,0.0,0.0,0.0,0.0
428,0.0,0.0004886586763569163,0.0,0.0,0.992615034694766,0.0,1.7769406412978774e-06,0.006611996126269402,1.7769406412978774e-06,3.731575346725543e-05,0.0002434408678578092,0.0,0.0,0.0,0.0,0.0,0.0,0.0,0.0,0.0
429,0.09810844668733841,0.28793546151590804,0.0,0.0,0.0867271418798255,0.002146544294687836,0.02959316944017485,0.0028875285421090507,5.330821923893632e-06,0.0,0.4925181914298153,0.0,0.0,0.0,0.0,7.818538821710661e-05,0.0,0.0,0.0,0.0
430,0.0,0.0,0.0,0.0,0.0,0.0,0.0,0.0,0.0,0.0,0.0,0.0,1.0,0.0,0.0,0.0,0.0,0.0,0.0,0.0
431,0.0,0.0,0.0,0.0,0.0,0.0,0.0,0.0,0.0,0.0,0.0,0.0,1.0,0.0,0.0,0.0,0.0,0.0,0.0,0.0
432,0.0,0.0,0.0,1.7769406412978774e-06,0.0,0.0,0.0,0.0,0.0,0.0,0.0,0.9999982230593587,0.0,0.0,0.0,0.0,0.0,0.0,0.0,0.0
433,0.012315975584835588,0.0,0.0,7.1077625651915095e-06,0.0006112675806064699,0.0,0.0030812150720105195,0.0,0.0,1.7769406412978774e-06,0.0,0.5576004193579913,0.0,0.0002647641555533837,0.0,0.0,0.00278801986619637,0.4230327045925031,0.0,0.0002967490870967455
434,0.8960400877808676,0.004682238589819907,0.0,0.044085897310600336,0.0088740415626416,0.0,0.044409300507316556,1.5992465771680897e-05,0.0,1.5992465771680897e-05,0.0,0.0018764493172105587,0.0,0.0,0.0,0.0,0.0,0.0,0.0,0.0
435,0.0,0.0,0.0,0.0,0.0,0.0,0.0,0.0,0.0,0.0,0.0,0.0,0.0,0.0,0.0,0.0,0.9999946691780761,5.330821923893632e-06,0.0,0.0
436,0.0,1.0661643847787265e-05,0.0,0.0,0.960288930548275,0.0,0.012772649329649144,0.0,0.0015725924675486216,0.005359252974154399,3.5538812825957547e-06,0.0,0.0,0.0,0.01882668609455101,0.0,5.330821923893632e-05,0.0,0.0011123648414524713,0.0
437,0.0,0.0,0.0,0.0,1.7769406412978774e-06,0.0,0.0,0.0,0.0,1.7769406412978774e-06,0.0,0.0,0.0,0.0,0.0,0.0,0.9999964461187174,0.0,0.0,0.0
438,0.0,0.0,0.0,0.0,0.0,0.0,0.0,0.0,0.0,1.0,0.0,0.0,0.0,0.0,0.0,0.0,0.0,0.0,0.0,0.0
439,0.011461267136371309,0.00014926301386902172,0.0,0.0,0.5042477766030226,0.0,0.006565795669595657,0.23208444021927446,2.132328769557453e-05,0.23346512309756293,0.010889092249873392,4.4423516032446935e-05,0.0,0.0,0.00019190958926017078,0.0008795856174424494,0.0,0.0,0.0,0.0
440,0.0,0.0,0.0,0.0,1.7769406412978774e-06,0.0,0.0,3.731575346725543e-05,0.0,0.0,0.0,1.7769406412978774e-06,0.0,0.0704947891215694,0.0,0.0,0.9294501257185503,1.4215525130383019e-05,0.0,0.0
441,0.0,0.0,0.0,0.0,0.00043001963519408637,0.0,0.0,0.15860616776096595,0.0,0.3412205805265075,0.0,7.1077625651915095e-06,0.0,0.0,0.0,0.0,0.0,0.0,0.0,0.49973612431476727
442,0.18018533490888736,0.005412561193393335,0.0,0.0002967490870967455,0.005824811422174442,0.7822803479249776,4.7977397315042694e-05,0.0259522180661555,0.0,0.0,0.0,0.0,0.0,0.0,0.0,0.0,0.0,0.0,0.0,0.0
443,0.2607500466446918,0.0030687764875214343,0.0,0.0,0.38659298286140753,0.0,0.006290369870194486,0.1399802759588816,1.7769406412978774e-06,0.20331399429602054,0.0,0.0,0.0,1.7769406412978774e-06,0.0,0.0,0.0,0.0,0.0,0.0
444,0.0,0.0,0.0,3.5538812825957547e-06,0.0002203406395209368,0.9987223796789069,0.0,0.0010270716906701732,0.0,0.0,0.0,2.665410961946816e-05,0.0,0.0,0.0,0.0,0.0,0.0,0.0,0.0
445,0.0,0.0,0.0,0.0,0.0,0.0,0.0,0.0,0.0,0.0,0.0,0.0,0.0,0.0,1.0,0.0,0.0,0.0,0.0,0.0
446,1.7769406412978774e-06,0.11124003802652972,0.0,0.0,0.1487725782520235,0.0,0.0,0.7394205396568727,0.0005632901832914271,0.0,0.0,0.0,0.0,0.0,1.7769406412978774e-06,0.0,0.0,0.0,0.0,0.0
447,0.0,0.0,0.0,0.0,0.0,0.9999982230593587,0.0,1.7769406412978774e-06,0.0,0.0,0.0,0.0,0.0,0.0,0.0,0.0,0.0,0.0,0.0,0.0
448,0.0,0.0,0.0,0.0,0.0,0.0,0.0,0.0,0.0,0.0,0.0,0.0,0.0,0.0,0.0,0.0,0.03372100254990982,0.9662789974500902,0.0,0.0
449,0.0,0.9997956518262507,0.0,0.0,0.0,0.0,0.0,0.0,0.0002043481737492559,0.0,0.0,0.0,0.0,0.0,0.0,0.0,0.0,0.0,0.0,0.0
450,0.0,0.0,0.0,0.0,0.9563068065711265,0.0,0.0,0.0,3.5538812825957547e-06,0.011786447273728821,0.023636864410544366,0.0,0.0,0.0,0.0,0.008266327863317727,0.0,0.0,0.0,0.0
451,0.0,0.0,0.0,0.9993212086750242,0.0,0.0,0.0,0.0,0.0,0.0,0.0,0.0006787913249757892,0.0,0.0,0.0,0.0,0.0,0.0,0.0,0.0
452,0.0,3.5538812825957547e-06,0.0,1.7769406412978774e-06,9.062397270619175e-05,0.0,0.999886275798957,0.0,0.0,1.5992465771680897e-05,0.0,0.0,0.0,0.0,0.0,1.7769406412978774e-06,0.0,0.0,0.0,0.0
453,1.0,0.0,0.0,0.0,0.0,0.0,0.0,0.0,0.0,0.0,0.0,0.0,0.0,0.0,0.0,0.0,0.0,0.0,0.0,0.0
454,1.7769406412978774e-06,0.007775892246319512,0.0,0.001986619636971027,5.863904116282996e-05,0.0,0.9894254262436364,0.0,1.0661643847787265e-05,0.0007267687222908319,0.0,1.4215525130383019e-05,0.0,0.0,0.0,0.0,0.0,0.0,0.0,0.0
455,0.00029497214645544766,0.14904445017014206,0.0,0.4641120183380274,0.007178840190843425,0.0,0.3515232823647526,0.02784288290849644,1.7769406412978774e-06,0.0,0.0,1.7769406412978774e-06,0.0,0.0,0.0,0.0,0.0,0.0,0.0,0.0
456,0.0,0.0,0.0,0.0,0.0,0.0,0.0,0.0,0.0,0.0,0.08408127726493296,0.0,0.0,0.0,0.0,0.915918722735067,0.0,0.0,0.0,0.0
457,0.0,0.0,0.0,0.0,0.0,0.0,0.0,0.0,0.0,0.0,0.0,0.0,0.0,0.0,0.0,0.0,0.9998969374428047,0.0001030625571952769,0.0,0.0
458,0.0,0.003102538359706094,0.0,0.0001101703197604684,0.0,0.0,0.0,0.0,0.9967872913205335,0.0,0.0,0.0,0.0,0.0,0.0,0.0,0.0,0.0,0.0,0.0
459,0.23387204250442015,7.818538821710661e-05,0.0,0.0,0.0007836308228123639,0.0,3.731575346725543e-05,0.28837791973559124,0.00013504748873863868,0.0,0.0,0.0,0.0,0.0,0.4767158583067533,0.0,0.0,0.0,0.0,0.0
460,0.0,0.0,0.0,1.9546347054276653e-05,0.0,0.0,0.417908007783,0.0,0.0,0.0,0.0,0.08908869599211039,0.48368324256128226,0.0,0.0,0.0,0.0,0.0,0.0,0.00930050731655309
461,0.7316055547164447,8.7070091423596e-05,0.0,0.11314491839400105,0.001753840412961005,0.031423418300711665,0.11898927616322977,0.0012509662114737058,0.0,0.0,0.0,0.0010786029692678115,1.7769406412978774e-06,0.0,0.0,0.0,0.0,0.0,0.0,0.0006645757998454062
462,0.0,0.0017076399562872603,0.0,0.0,0.02659547057830533,0.0,0.9132746350608157,0.0,1.7769406412978774e-06,9.595479463008539e-05,0.05461071672900767,0.0,0.0,0.0,3.5538812825957547e-06,0.0037102520590299682,0.0,0.0,0.0,0.0
463,3.5538812825957547e-06,0.0,0.0,0.0002914182651728519,4.7977397315042694e-05,0.9994260481728607,0.0,0.00023100228336872406,0.0,0.0,0.0,0.0,0.0,0.0,0.0,0.0,0.0,0.0,0.0,0.0
464,0.0,0.0,0.0,0.0,0.0,0.0,0.0,0.0,0.0,0.0,0.0,0.0,0.0,0.0,0.0,0.0,0.0,0.0,0.0,1.0
465,0.0,0.0,0.0,0.0,0.0004264657539114906,0.0,0.0,0.0,0.0,0.0,0.0,0.9995717573054472,0.0,1.7769406412978774e-06,0.0,0.0,0.0,0.0,0.0,0.0
466,0.0,0.0,0.0,0.0,0.0,0.0,0.0,0.0,0.0,0.0,0.0,0.0,1.0,0.0,0.0,0.0,0.0,0.0,0.0,0.0
467,1.7769406412978774e-06,0.0,0.0,0.0,0.37516192371593826,0.0,0.001162119179408812,0.0,1.5992465771680897e-05,1.0661643847787265e-05,0.6236439721731095,0.0,0.0,0.0,0.0,3.5538812825957547e-06,0.0,0.0,0.0,0.0
468,0.0,0.7725782520234912,0.0,0.0,0.0004175810507050012,0.0,0.051014188871020764,1.7769406412978774e-06,0.0,0.0,0.035776922871891464,0.0,0.0,0.0,0.13973505815038248,0.0004762200918678312,0.0,0.0,0.0,0.0
469,0.0,0.0,0.0,0.0,0.0,0.0,0.0,0.0,0.0,0.0,0.0,0.0,1.0,0.0,0.0,0.0,0.0,0.0,0.0,0.0
470,0.12642932662834397,0.02410419979920571,0.0,7.107762565191509e-05,0.008948673069576111,0.8291329418140787,0.010627881975602604,0.0005970520554760869,0.0,0.0,3.5538812825957547e-06,0.0,0.0,0.0,0.0,0.0,2.4877168978170285e-05,3.5538812825957547e-06,0.0,5.6862100521532076e-05
471,0.0,0.0,0.0,0.0018906648423409416,0.0,0.0,0.0,0.0,0.0,0.0,0.0,0.044912174708803855,0.9443497729958331,0.0,0.0,0.0,0.0,0.0,0.0,0.008847387453022132
472,0.0,0.0,0.0,0.0,0.0,0.0,0.0,0.0,0.0,0.0,0.0,0.0,0.0,0.0,0.0,0.0,0.0,0.0,0.0,1.0
473,1.7769406412978774e-06,3.731575346725543e-05,0.0,0.0,0.0026725187245120077,0.0,0.00015637077643421322,0.0,0.0,1.7769406412978774e-06,0.4805149573978481,0.0,0.0,0.0,2.132328769557453e-05,5.330821923893632e-06,0.5164980053841302,9.062397270619175e-05,0.0,0.0
474,0.3073147761499027,0.012669586772453867,0.0,0.01279219567670342,0.120213588265084,1.4215525130383019e-05,0.00018657876733627713,0.3003633843611454,0.0037440139312146276,0.011679830835250949,0.0,0.09435910193419988,0.0,6.574680372802146e-05,0.0,0.0,0.13625403143407994,0.00034294954377049033,0.0,0.0
475,0.0,0.0,0.0,0.0,0.0,1.0,0.0,0.0,0.0,0.0,0.0,0.0,0.0,0.0,0.0,0.0,0.0,0.0,0.0,0.0
476,0.0,0.0,0.0,0.0,3.5538812825957547e-06,0.0,0.0,0.0,0.0,3.5538812825957547e-06,1.0661643847787265e-05,0.0,0.0,0.0,0.4390233934235427,0.556100681456736,0.0,0.0015548230611356429,0.003303332652172754,0.0
477,0.0004566737448135545,0.539493394223166,0.0,0.0,0.25670395280445657,0.0,4.4423516032446935e-05,0.20095777100565956,0.00026298721491208586,0.0019812888150471334,9.950867591268114e-05,0.0,0.0,0.0,0.0,0.0,0.0,0.0,0.0,0.0
478,0.9887928353753342,0.0,0.0,5.330821923893632e-06,0.0,0.0,0.004389043384005757,0.006811013478094765,0.0,0.0,0.0,0.0,0.0,0.0,0.0,0.0,0.0,0.0,0.0,1.7769406412978774e-06
479,0.0,0.0,0.0,0.0,0.0,0.0,0.0,0.0,0.0,0.0,0.0,0.0,0.0,0.0,0.0,0.0,0.9120840848311462,0.08791591516885379,0.0,0.0
480,0.0,0.0,0.0,5.330821923893632e-06,0.0,0.0,0.0,0.0,0.0,0.0,0.0,0.4792124599077768,0.5204854601832026,0.0,0.0,0.0,0.0,0.0,0.0,0.0002967490870967455
481,0.0,0.0,0.0,0.0,0.0,0.0,0.0,0.0,0.0,0.0,0.0,0.0,0.0,0.0,0.0,0.0,0.0,1.0,0.0,0.0
482,0.0,0.723602214068039,0.0,0.06017254093627002,0.000449565982248363,0.0,0.00570931028049008,0.0,0.0019670732899167505,0.0005099819640524908,0.0,0.20622640000710776,0.0,0.001362913471875472,0.0,0.0,0.0,0.0,0.0,0.0
483,0.0,0.0,0.0,0.0,0.0,1.0,0.0,0.0,0.0,0.0,0.0,0.0,0.0,0.0,0.0,0.0,0.0,0.0,0.0,0.0
484,0.037761765568221195,3.5538812825957547e-06,0.0,0.05404920348635754,4.4423516032446935e-05,0.0,0.41779783746323956,2.132328769557453e-05,0.0,0.0,0.0,0.4895702469059021,0.0007516458912690022,0.0,0.0,0.0,0.0,0.0,0.0,0.0
485,0.0,0.0,0.00043001963519408637,0.9656926070384618,0.0,0.0,0.0,0.0,0.033834726750952886,0.0,0.0,3.731575346725543e-05,0.0,3.5538812825957547e-06,1.7769406412978774e-06,0.0,0.0,0.0,0.0,0.0
486,0.0045187600508205025,0.0,0.0,0.00016880936092329834,3.5538812825957547e-06,0.9887999431378994,5.330821923893632e-06,0.006500048865867636,0.0,0.0,0.0,1.7769406412978774e-06,1.7769406412978774e-06,0.0,0.0,0.0,0.0,0.0,0.0,0.0
487,0.00020967899567314954,0.11756772365019147,0.0,0.0004655584480200439,0.030927651861789557,0.7311097882775226,1.7769406412978774e-06,0.02689755048732597,0.0,0.00030918767158583067,1.0661643847787265e-05,0.0,0.0,0.0,0.008491999324762555,7.1077625651915095e-06,0.08399953799543326,1.7769406412978774e-06,0.0,0.0
488,0.020893268060380443,0.7909180563823266,0.0,0.10067790285465514,1.7769406412978774e-06,0.0,3.5538812825957547e-06,0.08711273799898714,0.0,0.0,0.0,3.0207990902063918e-05,0.000362495890824767,0.0,0.0,0.0,0.0,0.0,0.0,0.0
489,0.0,0.3857702593444866,0.0,0.030494078345312876,0.0419375760752712,0.0,0.0,0.0,0.000188355707977575,1.4215525130383019e-05,0.0,0.5388057181949837,0.0,0.0,0.00278801986619637,0.0,1.7769406412978774e-06,0.0,0.0,0.0
490,0.0,0.0,0.0,0.0,0.019144758469343333,0.0,0.0,0.0,0.9781205298836992,0.0027347116469574333,0.0,0.0,0.0,0.0,0.0,0.0,0.0,0.0,0.0,0.0
491,0.0,0.0,0.0,0.0,0.0,1.0,0.0,0.0,0.0,0.0,0.0,0.0,0.0,0.0,0.0,0.0,0.0,0.0,0.0,0.0
492,0.0,0.0,0.0,0.0,0.0,0.0,1.7769406412978774e-06,0.0,0.0,0.0,0.00037315753467255427,0.0,0.0,0.0,0.0,0.0,0.993718514833012,0.0009293399553987899,0.004977210736275355,0.0
493,0.0,0.25545831741490677,0.0,3.5538812825957547e-06,0.015041802528586532,0.0,0.0,0.019135873766136843,0.10259344486597426,0.5823336561442165,1.9546347054276653e-05,0.0,0.0253676045951685,0.0,4.620045667374481e-05,0.0,0.0,0.0,0.0,0.0
494,0.0,0.0,0.0,0.0,0.0,0.0,0.0,0.0,0.0,0.0,1.0,0.0,0.0,0.0,0.0,0.0,0.0,0.0,0.0,0.0
495,0.0,0.0,0.0,0.0,0.0,0.0,0.0,0.0,0.0,0.0,0.9662914360345792,0.0,0.0,0.0,0.0,0.03370856396542073,0.0,0.0,0.0,0.0
496,0.0,0.0,0.0,0.0,0.0,0.0,0.0,0.0,0.0,0.0,0.9979511874405835,0.0,0.0,0.0,0.0,0.0020488125594164525,0.0,0.0,0.0,0.0
497,0.0,0.0,0.0,0.0,0.0,0.0,0.0,0.0,0.0,0.0,0.00010128561655397902,0.0,0.0,0.0,0.9249135962613169,0.0,0.0037049212371060743,0.07128019688502306,0.0,0.0
498,0.07742130374134852,0.6939663980524731,0.0,0.0002114559363144474,0.1338711540340995,0.0,0.03874263680221762,0.000680568265617087,0.0010697182660613222,0.050937780423444955,0.0014037831066253232,0.0011656730606914075,0.0,0.0005295283111067674,0.0,0.0,0.0,0.0,0.0,0.0
499,0.0,0.0,0.0,0.0,0.0,0.0,0.0,0.0,0.0,0.0,0.0,0.0,0.0,0.0,0.10233401153234477,0.0,6.930068501061722e-05,0.8975966877826447,0.0,0.0
500,0.0,1.7769406412978774e-06,0.0,0.9935745826410669,0.0,0.0,0.0,0.0,0.0,0.0,0.0,0.006423640418291827,0.0,0.0,0.0,0.0,0.0,0.0,0.0,0.0
501,0.0,3.5538812825957547e-06,0.00011372420104306415,8.884703206489387e-06,0.15844624310324915,0.0,0.005725302746261761,0.0,0.41637806189084253,0.41242614590459603,0.0,2.132328769557453e-05,0.0,0.0,0.003919931054703118,0.0,0.0,0.002956829227119668,0.0,0.0
502,0.9978783328742903,0.00026298721491208586,0.0,0.00011194726040176628,0.0,0.0,0.0,0.0017449557097545157,0.0,0.0,0.0,0.0,0.0,0.0,1.7769406412978774e-06,0.0,0.0,0.0,0.0,0.0
503,0.0,0.0,0.0,0.9754515650404698,0.0,0.0,0.0,0.0,0.0,0.0,0.0,0.02454665801888888,0.0,1.7769406412978774e-06,0.0,0.0,0.0,0.0,0.0,0.0
504,0.000579282649063108,3.376187218465967e-05,0.0,0.0,0.8280028075662133,0.0,0.06575035760930406,0.00019546347054276653,0.0003305109592814052,0.07914671310404876,0.0,0.0,0.0,0.0,0.02596110276936199,0.0,0.0,0.0,0.0,0.0
505,0.0,0.029934342043304044,0.0,0.0,0.739027835775146,0.09720576084155909,0.03301733405595586,0.039652430410562135,1.7769406412978774e-06,0.04590015370536547,0.0,0.0,0.0,0.0,0.0,0.0,0.01470062992545734,0.0005597363020088314,0.0,0.0
506,0.0,0.0,0.0,0.0,0.17415439837232238,0.0,0.0,0.7082441161053015,0.0,0.0005757287677805123,0.0,0.0,0.0,0.0,0.0,0.0,0.0,0.0,0.0,0.11702575675459562
507,0.0,0.0,0.0,0.0,0.0,0.0,1.0,0.0,0.0,0.0,0.0,0.0,0.0,0.0,0.0,0.0,0.0,0.0,0.0,0.0
508,0.0,0.0,0.0,0.0,0.0,0.0,0.0,0.0,0.0,0.0,1.0,0.0,0.0,0.0,0.0,0.0,0.0,0.0,0.0,0.0
509,0.0,0.0,0.0,0.0,0.0,0.0,0.0,0.0,0.0,0.0,0.0,0.0,0.0,0.0,0.0,0.0,0.0,0.0,0.0,1.0
510,0.0,0.0,0.0,0.0,0.0,0.0,0.0,0.0,0.0,0.0,0.0,0.0,1.0,0.0,0.0,0.0,0.0,0.0,0.0,0.0
511,0.0,0.0,0.0,0.0,0.0,0.9952857764786367,0.0047142235213632686,0.0,0.0,0.0,0.0,0.0,0.0,0.0,0.0,0.0,0.0,0.0,0.0,0.0
512,0.0,0.019587216689026504,1.7769406412978774e-06,0.0,0.07565680168453973,0.0,0.24986806215738364,0.0,5.330821923893632e-06,0.00031807237479232004,0.6402032820093645,0.0,0.0,0.0,0.01434879567848036,1.0661643847787265e-05,0.0,0.0,0.0,0.0
513,0.00017591712348848988,0.004333958224125523,0.0,0.0,0.8383339404547191,0.00014393219194512808,0.00047088926994393753,0.1561202278037902,0.00042113493198759694,0.0,0.0,0.0,0.0,0.0,0.0,0.0,0.0,0.0,0.0,0.0
514,1.0,0.0,0.0,0.0,0.0,0.0,0.0,0.0,0.0,0.0,0.0,0.0,0.0,0.0,0.0,0.0,0.0,0.0,0.0,0.0
515,0.0,0.0,0.0,0.0,0.0,0.0,1.0,0.0,0.0,0.0,0.0,0.0,0.0,0.0,0.0,0.0,0.0,0.0,0.0,0.0
516,0.0060131671301520175,0.30507050011994347,0.0,0.49330182225262764,0.00982825868701856,0.15526551935532593,0.0,0.02990235711176068,1.7769406412978774e-06,0.0,0.0,0.0006165984025303634,0.0,0.0,0.0,0.0,0.0,0.0,0.0,0.0
517,0.0,0.0,0.0,0.0,0.0,0.0,0.0,0.0,0.0,0.0,0.0,0.0,0.0,0.0,1.0,0.0,0.0,0.0,0.0,0.0
518,0.0,0.0,0.0,0.0,0.0021820831075137935,0.0,1.7769406412978774e-06,0.0,0.0,0.0,0.9817490426732295,0.0,0.0,0.0,3.5538812825957547e-06,0.016063543397332812,0.0,0.0,0.0,0.0
519,0.0,0.00017236324220589412,0.0,0.0,1.7769406412978774e-06,0.0,0.22851456647090704,0.0,0.0,0.0,1.7769406412978774e-06,0.0,0.0,0.0,0.7713095164056045,0.0,0.0,0.0,0.0,0.0
520,0.0,0.0,0.0,0.009264968503727133,0.0,0.0,0.0,0.0,0.0,0.0,0.0,0.9463630467424236,0.0443719847538493,0.0,0.0,0.0,0.0,0.0,0.0,0.0
521,3.5538812825957547e-06,0.5429157818983057,0.0,0.0,0.0952688955425444,0.0,0.003347756168205201,0.0005064280827698951,0.35779943670981673,0.00015281689515161747,5.330821923893632e-06,0.0,0.0,0.0,0.0,0.0,0.0,0.0,0.0,0.0
522,0.0,0.0,0.0,0.0,0.0,0.0,0.0,0.0,0.0,0.0,0.0,0.0,0.0,0.0,0.0,0.0,0.0,0.0,0.0,1.0
523,0.0,0.0,0.0,0.0,0.0,0.0,0.0,0.0,0.0,0.0,1.0,0.0,0.0,0.0,0.0,0.0,0.0,0.0,0.0,0.0
524,0.0030545609623910514,0.1274190825655469,0.0,0.006745266674366743,0.06473394756248167,0.0,6.396986308672359e-05,0.0026032180395013905,7.1077625651915095e-06,0.0025747869892406242,0.0,0.7927980595808197,0.0,0.0,0.0,0.0,0.0,0.0,0.0,0.0
525,0.0,0.0,0.0,0.0,0.0,0.0,0.0,0.0,0.0,0.0,0.0,0.0,0.0,0.0,0.0,0.0,0.9906497383454905,0.009350261654509431,0.0,0.0
526,0.0,0.0,0.0,0.04331115119099446,0.0,0.0,0.0,0.0,0.0,0.0,0.0,0.9566888488090055,0.0,0.0,0.0,0.0,0.0,0.0,0.0,0.0
527,0.0,0.0,0.0,0.0,0.0,0.0,0.0,0.0,0.0,0.0,0.025804731992927776,0.0,0.0,0.0,0.0,0.9565395857951365,0.0,0.01765568221193571,0.0,0.0
528,0.0022851456647090705,0.16797242188124706,0.0,0.4218101694312901,0.0,0.0,0.0,1.7769406412978774e-06,0.0,0.0,0.0,0.29086741357404955,0.0,0.0,0.0,0.0,0.0,0.0,0.0,0.11706307250806287
529,0.0,0.0,0.0,0.0,0.0,0.0,0.0,0.0,0.0,0.0,0.0,0.0,1.0,0.0,0.0,0.0,0.0,0.0,0.0,0.0
530,0.0,1.4215525130383019e-05,0.0,0.0,0.017561504357946924,0.0,1.7769406412978774e-06,0.0,0.0,1.7769406412978774e-06,0.0005881673522695974,7.818538821710661e-05,0.0,0.9741188595594964,0.00038915000044423514,0.001871118495286665,0.005375245439926079,0.0,0.0,0.0
531,0.0013096052526365358,0.001608131280374579,0.0,0.0,0.9250788517409576,0.0,0.04803781329684682,1.7769406412978774e-06,1.7769406412978774e-06,0.0020274892717208784,0.00738318836459268,0.00022389452080353255,0.0,0.0,0.0,0.0,0.0,0.014327472390784786,0.0,0.0
532,0.0,0.0,0.0,0.0,0.0,0.0,0.0,0.0,0.0,0.0,0.0,0.0,1.0,0.0,0.0,0.0,0.0,0.0,0.0,0.0
533,1.7769406412978774e-06,0.1556990928718026,0.0,0.0,0.004927456398319014,0.0,0.5642746084067062,0.0,0.0,7.1077625651915095e-06,0.2750792959761179,0.0,0.0,0.0,0.0,1.0661643847787265e-05,0.0,0.0,0.0,0.0
534,0.0,0.0,0.0,0.0,0.0,0.0,0.0,0.00014570913258642594,0.0,0.0,0.0,0.0,0.9998542908674136,0.0,0.0,0.0,0.0,0.0,0.0,0.0
535,0.0,0.0,0.0,0.0,5.153127859763845e-05,0.0,0.0,0.0,0.0,5.330821923893632e-05,0.0008173926949970236,0.0,0.0,0.0,0.0,0.9990777678071664,0.0,0.0,0.0,0.0
536,0.0,0.0,3.5538812825957547e-06,0.0,0.0,1.7769406412978774e-06,0.0,0.0,0.0,0.0,0.0,0.0,0.0,0.0,0.9537071424129077,0.04628752676516841,0.0,0.0,0.0,0.0
537,0.014084031522926976,1.0661643847787265e-05,0.0,0.0,0.01845885938180235,0.0,0.9649782769006602,0.0,0.0,0.002427300916012901,0.0,0.0,0.0,0.0,4.086963474985118e-05,0.0,0.0,0.0,0.0,0.0
538,0.0009080166677032154,0.18549661048572672,0.0,0.0015992465771680897,0.08829618046609153,0.7211500359830479,0.0,0.002361554112284879,0.0,0.00016170159835810684,0.0,2.665410961946816e-05,0.0,0.0,0.0,0.0,0.0,0.0,0.0,0.0
539,1.0,0.0,0.0,0.0,0.0,0.0,0.0,0.0,0.0,0.0,0.0,0.0,0.0,0.0,0.0,0.0,0.0,0.0,0.0,0.0
540,0.2917683224791876,0.0,0.0,0.5469583218572583,0.00039981164429202243,0.0,0.13768802253160733,1.7769406412978774e-06,0.0,0.0,0.0,0.023183744547013406,0.0,0.0,0.0,0.0,0.0,0.0,0.0,0.0
541,0.0,0.002434408678578092,0.0,0.0,0.14606807459596813,0.0,0.03268149227475056,0.0004584506854548524,0.0030243529714889875,0.016765434950645475,1.7769406412978774e-06,0.0,0.0,0.00011194726040176628,0.5474345419491262,0.00597762831732606,0.2448855205991844,0.00015637077643421322,0.0,0.0
542,0.030300391815411405,0.0018942187236235374,0.0,3.0207990902063918e-05,0.6229669577887751,0.0,0.006201522838129592,0.0007534228319103,0.3108224569758247,2.132328769557453e-05,3.5538812825957547e-06,0.027005943866445142,0.0,0.0,0.0,0.0,0.0,0.0,0.0,0.0
543,0.0,0.0,1.7769406412978774e-06,0.0,0.0,0.0,0.0,0.0,0.0,0.0,0.0,0.0,0.0,0.0,0.0106332127975265,0.0,0.0,0.9893650102618322,0.0,0.0
544,0.035499720131848995,0.011232041793643883,0.0,0.0002363331052926177,0.06522438317947989,0.24389754160262275,8.884703206489387e-05,0.6438158023331231,1.7769406412978774e-06,0.0,0.0,1.7769406412978774e-06,0.0,0.0,1.7769406412978774e-06,0.0,0.0,0.0,0.0,0.0
545,0.03254644478601192,0.04809112151608576,0.0,0.0006983376720300659,0.002333123062024113,0.8722752836441499,0.0,0.04405568931969828,0.0,0.0,0.0,0.0,0.0,0.0,0.0,0.0,0.0,0.0,0.0,0.0
546,0.0037600063969863086,0.00025587945234689435,0.0,0.9636331328351977,0.0,0.0,0.01663394134318943,0.0,0.0,0.0,0.0,0.005513846809947313,0.010201416221691115,0.0,0.0,0.0,0.0,1.7769406412978774e-06,0.0,0.0
547,0.0,0.20581414977832665,0.0,0.0,0.00809574156175313,0.0,0.006741712793084147,0.0,0.7660906417421126,0.0,0.013257754124723464,0.0,0.0,0.0,0.0,0.0,0.0,0.0,0.0,0.0
548,0.0,1.9546347054276653e-05,0.00031807237479232004,0.0,3.5538812825957547e-06,0.0,0.0,0.0,0.7225378266239016,0.2771210007729692,0.0,0.0,0.0,0.0,0.0,0.0,0.0,0.0,0.0,0.0
549,0.0,0.0,0.0,0.0,0.0,0.0,0.0,0.0,0.0,0.0,0.0,0.0,0.0,0.0,0.0,0.0,0.000739207306779917,0.9992607926932201,0.0,0.0
550,0.008072641333416257,1.2438584489085143e-05,0.0,1.4215525130383019e-05,0.15574173944719377,0.0,1.7769406412978773e-05,0.6457739909198333,8.884703206489387e-06,0.04542748749478024,0.0,4.086963474985118e-05,0.14174655495633168,0.0,0.0031416310538146474,1.7769406412978774e-06,0.0,0.0,0.0,0.0
551,0.0,0.0,0.0,0.0,0.0,0.0,0.0,0.0,0.0,1.7769406412978774e-06,0.0,0.0,0.0,0.0,0.0,0.0,0.9999733458903806,2.4877168978170285e-05,0.0,0.0
552,0.0,0.0,0.0,0.948298135100797,0.0,0.0,0.0,0.0,0.0,0.0,0.0,0.051701864899203046,0.0,0.0,0.0,0.0,0.0,0.0,0.0,0.0
553,0.5308361394187627,0.21685428198271037,0.0,0.0007729691789645766,0.010077030376800264,0.0,0.0,0.24145780210212078,0.0,0.0,0.0,0.0,0.0,0.0,0.0,1.7769406412978774e-06,0.0,0.0,0.0,0.0
554,0.006581788135367338,0.00013682442937993657,0.0,0.004826170781765035,0.0005615132426501293,0.0,0.0,1.9546347054276653e-05,0.0005401899549545547,0.0,0.0,0.9873339671088287,0.0,0.0,0.0,0.0,0.0,0.0,0.0,0.0
555,0.0,0.0,0.0,1.7769406412978774e-06,0.0,0.0,0.0,0.0,0.0,0.0,0.0,0.0009737634714312368,0.9990244595879275,0.0,0.0,0.0,0.0,0.0,0.0,0.0
556,0.0,0.02990413405240198,0.0,0.0,0.03584622355690208,0.0,1.7769406412978774e-06,1.7769406412978774e-06,0.005791049549989782,0.00012616278553214929,0.0,0.9283288761738914,0.0,0.0,0.0,0.0,0.0,0.0,0.0,0.0
557,0.0,0.0,0.0,0.0,0.0,0.0,1.7769406412978774e-06,0.0,0.0,0.0,0.003557435163878351,0.0,0.0,0.0,0.0,0.9964407878954804,0.0,0.0,0.0,0.0
558,0.46102547244409303,0.0,0.0,0.022204650253658278,0.0,0.0,0.29808712339964283,0.0,0.0,0.0,0.0005064280827698951,0.21127646530967634,0.0,0.0,0.0,0.006876760281822786,0.0,0.0,0.0,2.3100228336872406e-05
559,0.003001252743152115,0.0014251063943208978,0.0,0.0,5.863904116282996e-05,0.0,0.0,0.9550789405879897,0.00039625776300942665,1.4215525130383019e-05,0.0,0.0,0.03938766625500875,0.000637921690225938,0.0,0.0,0.0,0.0,0.0,0.0
560,0.0,0.0,0.0,0.0,0.0,0.0,0.0,0.0003251801373575116,0.0,0.0,0.7169884410011284,0.0,0.0,0.0,0.0,0.0,0.0,0.28268637886151415,0.0,0.0
561,0.0,0.0,0.0,0.0,0.005902996810391549,0.0,0.0,0.0,0.0,0.6520163833927127,0.3420806197968957,0.0,0.0,0.0,0.0,0.0,0.0,0.0,0.0,0.0
562,0.0,0.0,0.0,0.6624221477881531,0.0,0.0,0.0,0.0,0.0,0.0,0.0,0.0007143301378017467,0.0,0.33686352207404513,0.0,0.0,0.0,0.0,0.0,0.0
563,0.0,0.0,0.0,0.0,0.0,1.0,0.0,0.0,0.0,0.0,0.0,0.0,0.0,0.0,0.0,0.0,0.0,0.0,0.0,0.0
564,0.0,0.0,0.0,0.0,0.0,0.0,0.0,0.0,0.012438584489085143,0.9875560846889909,3.5538812825957547e-06,0.0,0.0,0.0,0.0,1.7769406412978774e-06,0.0,0.0,0.0,0.0
565,1.7769406412978774e-06,0.0,0.0,0.0,0.0,0.0,0.9999982230593587,0.0,0.0,0.0,0.0,0.0,0.0,0.0,0.0,0.0,0.0,0.0,0.0,0.0
566,0.0,0.0,0.0,0.02412730002754258,0.06334260304034543,0.0,0.0,0.0,1.9546347054276653e-05,3.5538812825957547e-06,0.0,0.016447362575853153,0.8960454186027915,1.7769406412978774e-06,1.2438584489085143e-05,0.0,0.0,0.0,0.0,0.0
567,3.5538812825957547e-06,0.38588398354552966,0.0,5.330821923893632e-06,0.4681367888905671,0.0,0.0,0.0015708155269073237,0.1440068234520626,3.9092694108553306e-05,0.0,0.0003536111876182776,0.0,0.0,0.0,0.0,0.0,0.0,0.0,0.0
568,0.0,0.0,0.0,0.0,0.0,0.0,0.0,0.0,0.0,0.0,0.9999982230593587,0.0,0.0,0.0,0.0,1.7769406412978774e-06,0.0,0.0,0.0,0.0
569,0.0,0.0,0.0,0.0,0.0,0.0,0.0,0.0,0.0,0.0,0.0,0.0,0.0,0.0,0.03917265643741171,0.0,0.9608273435625883,0.0,0.0,0.0
570,1.0661643847787265e-05,1.7769406412978774e-06,0.0,0.8711380416337192,0.027636757794105887,0.0,0.0,0.00194219612093858,0.0,0.00016347853899940473,0.0,0.09906266381171537,4.4423516032446935e-05,0.0,0.0,0.0,0.0,0.0,0.0,0.0
571,0.0,0.0,0.0,0.0,0.0,0.0,0.0,0.0,0.0,0.0,5.863904116282996e-05,0.0,0.0,0.0,0.05388572494735813,0.946055636011479,0.0,0.0,0.0,0.0
572,1.7769406412978774e-06,0.17485095910371115,0.0,0.0,0.47456220624950024,0.0,0.2653096763302622,0.0,0.006425417358933125,0.00021500981759704318,0.003287340186401073,0.0019173189519604097,0.0,0.0,0.006901637450800956,0.06652865761019253,0.0,0.0,0.0,0.0
573,0.0,0.00017058630156459623,0.0,1.2438584489085143e-05,2.665410961946816e-05,0.9956464954288202,0.0,0.0041438255755066504,0.0,0.0,0.0,0.0,0.0,0.0,0.0,0.0,0.0,0.0,0.0,0.0
574,0.0,0.0,0.0,0.0,0.0,0.0,0.0,0.0,0.0,0.0,0.0,0.0,0.0,0.0,0.0,0.0,0.0,0.0,0.0,1.0
575,1.7769406412978774e-06,5.330821923893632e-06,0.0,0.0,0.3993069931498938,0.5115421179355504,0.0025996641582187946,0.0,0.0,0.0004175810507050012,0.0011105879008111734,0.0,0.0,0.0,0.07788153136744468,0.007134416674810978,0.0,0.0,0.0,0.0
576,0.986786669391309,1.2438584489085143e-05,0.0,0.0,0.013192007320995442,0.0,0.0,0.0,0.0,7.1077625651915095e-06,0.0,0.0,0.0,0.0,0.0,0.0,0.0,1.7769406412978774e-06,0.0,0.0
577,0.0,0.0,0.0,0.0,0.0,0.0,0.0,0.0,0.0,0.0,0.0,0.0,1.0,0.0,0.0,0.0,0.0,0.0,0.0,0.0
578,0.00012260890424955353,0.010252947500288753,0.0,0.3664424759890896,0.5161532788997184,0.0002914182651728519,0.00011727808232565992,0.007113093387115403,0.0009666557088660454,0.016141728785549918,0.0,0.08239673753698258,1.7769406412978774e-06,0.0,0.0,0.0,0.0,0.0,0.0,0.0
579,0.0,3.5538812825957547e-06,0.0006574680372802146,0.0,3.1984931543361794e-05,0.0,0.0,0.0,0.0,0.00015459383579291533,0.566069318454417,0.0,0.0,0.0,0.43261396853038125,0.00046911232930263967,0.0,0.0,0.0,0.0
580,0.10277291587074534,0.004195356854104289,0.0,0.0012562970333975993,0.2492088171794621,0.0,0.002002612102742708,1.7769406412978774e-06,0.002942613701989285,0.06341901148792124,0.032425612822403665,1.7769406412978774e-06,0.0,0.005041180599362078,0.004870594297797482,1.7769406412978774e-06,0.2589251286060789,0.0,0.2729345286220714,0.0
581,0.0,0.0,0.0,0.0,0.0,0.0,0.0,0.0,0.0,0.0,1.0,0.0,0.0,0.0,0.0,0.0,0.0,0.0,0.0,0.0
582,0.0,0.0,0.0,0.0,0.0,0.0,0.0,0.0,0.0,0.0,0.03377075688786616,0.0,0.0,0.0,1.7769406412978774e-06,0.9662274661714926,0.0,0.0,0.0,0.0
583,0.006340124208150826,0.0,0.0,0.0,0.0,0.0,0.9911632741908256,0.0,0.0,0.0,0.0,0.0,0.0,0.0024966016010235176,0.0,0.0,0.0,0.0,0.0,0.0
584,0.0,0.0,0.0,0.0,0.0,0.9999626842465328,0.0,3.731575346725543e-05,0.0,0.0,0.0,0.0,0.0,0.0,0.0,0.0,0.0,0.0,0.0,0.0
585,0.0,0.0,0.0,0.0,0.0,0.0,0.0,0.0,0.0,0.0,0.0,0.0,1.0,0.0,0.0,0.0,0.0,0.0,0.0,0.0
586,0.0,0.0,0.0,0.0,0.0,0.0,1.0,0.0,0.0,0.0,0.0,0.0,0.0,0.0,0.0,0.0,0.0,0.0,0.0,0.0
587,0.06862189368564144,0.04435243840679502,0.0,0.7884729860599007,0.06078913933880039,0.0,0.000348280365694384,0.03695858839835455,0.0,0.0,0.0,0.0004548968041722566,1.7769406412978774e-06,0.0,0.0,0.0,0.0,0.0,0.0,0.0
588,0.0,0.019199843629223567,0.0,0.0,0.004266434479756204,0.0,0.0003074107309445328,0.0,0.0,6.219292244542571e-05,0.17543557257469813,0.0,0.0,0.0,0.0,0.8007285456629322,0.0,0.0,0.0,0.0
589,1.0,0.0,0.0,0.0,0.0,0.0,0.0,0.0,0.0,0.0,0.0,0.0,0.0,0.0,0.0,0.0,0.0,0.0,0.0,0.0
590,0.00016880936092329834,0.0005135358453350866,0.0,0.90016436700932,0.041671034979076524,0.0,0.03816513109379581,0.0,0.0006912299094648743,0.00031274155286842645,0.0,0.018306042486650735,0.0,0.0,7.1077625651915095e-06,0.0,0.0,0.0,0.0,0.0
591,0.0,0.37407976686538785,1.7769406412978774e-06,0.15617886684495305,0.12971666681474506,0.0,0.0,0.0,0.3393956624878946,9.240091334748962e-05,0.0,0.0,0.0,0.0,0.0005348591330306611,0.0,0.0,0.0,0.0,0.0
592,0.0,0.0,0.0,0.0,0.0,0.0,0.0,0.0,0.0,0.0,1.0,0.0,0.0,0.0,0.0,0.0,0.0,0.0,0.0,0.0
593,0.0,0.0,0.0,0.0,0.0,0.0,0.0,1.0,0.0,0.0,0.0,0.0,0.0,0.0,0.0,0.0,0.0,0.0,0.0,0.0
594,0.0,0.0,0.0,0.0,0.0,0.0,0.0,0.0,0.0,0.0,1.0,0.0,0.0,0.0,0.0,0.0,0.0,0.0,0.0,0.0
595,0.0,0.0,0.0,0.0,0.0,0.0,0.0,0.0,0.0,0.0,0.0,0.0,0.0,0.0,1.0,0.0,0.0,0.0,0.0,0.0
596,0.0,0.0,0.0,0.0,0.0,0.0,0.0,0.0,0.0,0.0,0.0,0.0,0.0,0.0,0.0,0.0,1.0,0.0,0.0,0.0
597,1.7769406412978774e-06,0.8992936660950841,0.0,0.0,0.07853189164215969,0.0,0.0,0.0,0.0022158449796984532,0.019793341803417058,7.1077625651915095e-06,6.396986308672359e-05,9.240091334748962e-05,0.0,0.0,0.0,0.0,0.0,0.0,0.0
598,0.0,0.0,0.0,0.013115598873419633,1.7769406412978774e-06,0.0,0.0,0.0,0.0,0.0,0.0,0.2034401570815527,0.7834424671043864,0.0,0.0,0.0,0.0,0.0,0.0,0.0
599,0.0,0.0,0.15944132986237594,0.0,0.0,0.0,3.5538812825957547e-06,0.0,0.0,0.0,0.058754542304514316,0.0,0.0,0.0,0.00533259886453493,0.7764679750872923,0.0,0.0,0.0,0.0
600,1.7769406412978774e-06,1.7769406412978774e-06,0.0,0.955748847209759,0.012605616909367142,0.00015637077643421322,0.0,0.004668023064689524,0.0,1.5992465771680897e-05,0.0,0.02679804181141329,0.0,3.5538812825957547e-06,0.0,0.0,0.0,0.0,0.0,0.0
601,5.330821923893632e-06,0.0,0.0,0.0,0.0,1.7769406412978773e-05,0.0,0.0016134621022984726,0.0,0.0,0.0,0.0,0.0,0.0,0.007857631515819214,1.7769406412978774e-06,0.0,0.0,0.0,0.9905040292129041
602,0.8106261050349614,0.012204028324433822,0.0,0.0012100965767238546,0.022197542491093084,0.0,3.5538812825957547e-06,0.15375156592894015,0.0,0.0,0.0,7.1077625651915095e-06,0.0,0.0,0.0,0.0,0.0,0.0,0.0,0.0
603,0.0,0.06983732108428918,2.4877168978170285e-05,0.6698248824998001,0.00533259886453493,0.0,0.0007640844757580873,8.529315078229812e-05,0.22131795687365063,1.7769406412978774e-06,0.009154798183966665,0.0,0.0,0.0,0.023462724227697174,0.00019368652990146864,0.0,0.0,0.0,0.0
604,0.0,0.0,0.0,0.0,0.0,0.0,0.0,0.0,0.0,0.0,0.9847236413067622,0.0,0.0,0.0,0.0,0.015276358693237853,0.0,0.0,0.0,0.0
605,0.0,1.7769406412978774e-06,0.0,0.0,5.330821923893632e-06,0.9564596234662781,0.0,0.0435332687711567,0.0,0.0,0.0,0.0,0.0,0.0,0.0,0.0,0.0,0.0,0.0,0.0
606,0.004527644754026992,0.33667694330670883,0.0,0.16426750064414097,0.14492550176361357,0.0,0.0003553881282595755,0.34863219994136097,5.330821923893632e-06,0.0005757287677805123,1.7769406412978774e-06,2.8431050260766038e-05,3.5538812825957547e-06,0.0,0.0,0.0,0.0,0.0,0.0,0.0
607,0.0,0.0,0.7642639467628584,0.0,0.0,0.0,0.0,0.22232015139534264,0.0,0.0,6.219292244542571e-05,0.0,0.0,0.0,0.00014037831066253232,0.012202251383792525,0.0005028742014872993,0.000508205023411193,0.0,0.0
608,1.7769406412978774e-06,0.0,0.020171830160013504,0.0,0.0,0.0,0.43603991008680354,0.0010572796815722372,0.0,0.0,0.5388234876013966,0.0,0.0,0.0,0.00380087603173616,0.00010483949783657477,0.0,0.0,0.0,0.0
609,0.0006610219185628104,0.06182331879203575,0.0,0.4902365996463888,0.0024735013726866453,0.0,0.0,0.01913765070677814,0.06517640578216485,0.013371478325766527,0.0,0.3471182465149752,0.0,1.7769406412978774e-06,0.0,0.0,0.0,0.0,0.0,0.0
610,0.0,0.0,0.0,0.0,0.0,0.0,0.000623706165095555,0.0023420077652306025,0.0,0.0,0.9948166641493341,0.0,0.0,0.0,0.0,0.0,0.0,0.0,0.0,0.002217621920339751
611,0.007301449095092978,0.8636784448215508,0.0,0.04358124616847174,0.0059438664451414,0.0,5.330821923893632e-06,0.07878954803514789,1.5992465771680897e-05,0.0,0.0,0.000680568265617087,3.5538812825957547e-06,0.0,0.0,0.0,0.0,0.0,0.0,0.0
612,0.016184375360941066,0.11190816770765773,0.0,0.00012616278553214929,0.8465398523362327,0.0,3.9092694108553306e-05,0.013120929695343527,0.0015175073076683873,5.6862100521532076e-05,0.0,0.010507050011994349,0.0,0.0,0.0,0.0,0.0,0.0,0.0,0.0
613,0.0,0.0,0.0,0.0,0.0,0.0,0.0,0.0,0.6117651239860332,0.0,0.0,0.0,0.0,0.0,0.3882348760139668,0.0,0.0,0.0,0.0,0.0
614,2.132328769557453e-05,0.0,0.0,0.0,0.0,8.884703206489387e-06,0.999969792009098,0.0,0.0,0.0,0.0,0.0,0.0,0.0,0.0,0.0,0.0,0.0,0.0,0.0
615,0.00012971666681474507,0.0013131591339191314,0.0,3.1984931543361794e-05,0.00016347853899940473,0.9951151901770722,0.0,0.003246470551651222,0.0,0.0,0.0,0.0,0.0,0.0,0.0,0.0,0.0,0.0,0.0,0.0
616,0.0019795118744058353,0.3334322496956989,0.0,1.7769406412978774e-06,0.020513002763142697,0.0,1.7769406412978774e-06,0.6305296171581388,0.003404618268726733,0.0009559940650182581,0.0,6.219292244542571e-05,0.0,0.0,0.009119259371140708,0.0,0.0,0.0,0.0,0.0
617,0.0,5.6862100521532076e-05,0.09565449166170605,0.0,1.7769406412978774e-06,0.0,0.0,0.0,0.03041411601645447,0.0102138548061802,0.013225769193180102,0.0,0.0,0.0,0.520195818858671,0.002219398860981049,0.0,0.0,0.32801791156166427,0.0
618,0.0,0.0,0.0,0.0,0.13305198439846116,0.0,0.0,0.0,0.8665304345508338,0.0004175810507050012,0.0,0.0,0.0,0.0,0.0,0.0,0.0,0.0,0.0,0.0
619,0.0,0.23543930415004488,0.0,0.0,0.5562659369363766,0.0,0.0005437438362371504,4.4423516032446935e-05,0.04084475758087301,0.0034561495473243715,0.0019670732899167505,2.4877168978170285e-05,0.0,3.5538812825957547e-06,5.330821923893632e-06,0.0,0.16014499835632992,0.0012598509146801952,0.0,0.0
620,0.0,0.0,0.0,0.0,0.0,0.0,0.0,0.0,0.0,0.0,0.0,0.0,0.0,0.0,0.0,0.0,0.8915337663145363,0.10846623368546374,0.0,0.0
621,0.008875818503282899,0.0,0.0,0.0,0.0,0.0,0.0003465034250530861,0.982843638108269,0.0,0.0,0.00010128561655397902,0.0,0.0,0.0,6.930068501061722e-05,0.0,0.0008760317361598536,0.00016880936092329834,0.0,0.006718612564747275
622,7.1077625651915095e-06,0.0,0.0,0.0,0.0,0.0,0.99963039634661,0.0,0.0,1.7769406412978774e-06,0.0002860874432489583,1.7769406412978774e-06,0.0,0.0,0.0,7.285456629321297e-05,0.0,0.0,0.0,0.0
623,0.0,0.0,0.0,0.0,0.0,0.0,0.0,0.0,0.0,0.0,0.0,0.0,1.0,0.0,0.0,0.0,0.0,0.0,0.0,0.0
624,0.01501870230024966,0.08295291995770881,0.0,0.011710038826153013,0.37543024175277423,0.4978845521665349,0.00010839337911917052,0.016386946594049025,5.330821923893632e-06,0.0005010972608460014,0.0,1.7769406412978774e-06,0.0,0.0,0.0,0.0,0.0,0.0,0.0,0.0
625,0.0,7.285456629321297e-05,0.0,0.8385844890851422,0.0008831394987250451,0.0,0.0,5.330821923893632e-06,3.731575346725543e-05,0.0,0.0,0.10022478299112418,0.0,0.010201416221691115,0.0,0.0,0.04569758247225751,0.004262880598473608,3.0207990902063918e-05,0.0
626,0.00016880936092329834,0.0,7.1077625651915095e-06,0.0,0.012868604124279228,0.0,8.351621014100024e-05,0.002692065071566284,0.39762778424386735,0.30560180537169157,0.0882357644842874,0.0,0.00016703242028200048,0.0,0.0,0.1925475109503967,0.0,0.0,0.0,0.0
627,0.0,0.0,0.0,0.0,0.0,0.0,0.3706076248522918,7.818538821710661e-05,0.0,0.0,0.4573454283759651,0.0,0.0,0.001856902970156282,5.330821923893632e-05,0.0,0.0008156157543557258,0.16924293443977503,0.0,0.0
628,0.0,0.0,0.0,0.0,0.0,0.0,0.0,0.0,1.0,0.0,0.0,0.0,0.0,0.0,0.0,0.0,0.0,0.0,0.0,0.0
629,3.5538812825957547e-06,0.0,0.0,0.0,0.0,0.0,0.5404085186534344,0.0,0.0,0.0,0.0,0.0,0.0,0.0,0.3793999271454337,0.08018800031984931,0.0,0.0,0.0,0.0
630,0.0011798885858217906,0.02203406395209368,0.0,0.004213126260517268,0.011859301840022034,0.781304807512905,0.0,0.012100965767238545,0.0,1.7769406412978774e-06,0.0,5.330821923893632e-06,0.16730073831883646,0.0,0.0,0.0,0.0,0.0,0.0,0.0
631,8.173926949970236e-05,0.029328405284621467,7.1077625651915095e-06,0.0,0.09148578891722121,0.0,5.330821923893632e-06,0.34133608166819185,0.0008209465762796194,1.7769406412978774e-06,0.5091272556040265,0.0,0.0,1.7769406412978774e-06,0.0,0.0,0.02774515117322506,5.863904116282996e-05,0.0,0.0
632,0.0,0.0,0.0,0.0,0.0,0.0,0.0,0.0,0.0,0.0,0.0,0.0,1.0,0.0,0.0,0.0,0.0,0.0,0.0,0.0
633,1.2438584489085143e-05,0.0,0.0,0.0,0.0,0.0,5.863904116282996e-05,0.009430223983367835,0.0,0.0,0.0,0.0,0.0,0.0,0.0,0.0,0.0,0.0,0.0,0.9904986983909803
634,0.0,0.0,0.0,0.0,0.0,0.0,0.0,0.0,0.0,0.0,0.2807246363935213,0.0,0.0,0.0,0.7070944355103818,0.01218092809609695,0.0,0.0,0.0,0.0
635,0.0,0.0,0.0,0.0,0.0,0.0,0.0,0.0,0.0,0.0,0.00016347853899940473,0.0,0.0,0.0,0.44541149502900856,0.554425026431992,0.0,0.0,0.0,0.0
636,0.0,0.0,0.0,0.0,0.0,0.0,0.0,0.0,0.0,0.0,0.0,0.0,1.0,0.0,0.0,0.0,0.0,0.0,0.0,0.0
637,0.0,0.0,0.0,0.0,0.0,0.0,0.0,1.0,0.0,0.0,0.0,0.0,0.0,0.0,0.0,0.0,0.0,0.0,0.0,0.0
638,0.0,0.0019955043401775163,0.0,1.7769406412978774e-06,0.21518573472053165,0.0,0.0004548968041722566,0.0,7.1077625651915095e-06,0.28483647703748455,0.36757438717759633,0.0,0.0,0.0,0.11002461062788198,0.01991595070766661,3.5538812825957547e-06,0.0,0.0,0.0
639,0.0003287340186401073,0.01676721189128677,0.0,0.0,0.10609224098868977,0.0003145184935097243,0.0,0.12307979351949748,1.0661643847787265e-05,0.0029799294554565406,0.0,0.0,0.0,1.7769406412978774e-06,0.6979520759109042,0.0,0.05028386626744734,0.002016827627873091,0.00017236324220589412,0.0
640,1.0661643847787265e-05,0.0,0.0,0.0015619308237008343,0.0,0.0,0.1938784394907288,0.0,0.0,0.0007143301378017467,0.6179311080113369,0.0,0.0,0.0,0.0,0.18590352989258394,0.0,0.0,0.0,0.0
641,0.1892850479329738,0.023187298428296,0.0,0.08007072223752365,0.00541611507467593,0.6883459348040478,0.012157827867760077,0.0004868817357156184,0.0,1.5992465771680897e-05,0.0,0.0010341794532353647,0.0,0.0,0.0,0.0,0.0,0.0,0.0,0.0
642,0.023460947287055875,0.6344228941032225,0.0,0.03620694250708555,0.2241841621280641,0.0,0.0040674171279308415,0.003235808907803435,8.173926949970236e-05,0.0730891224578643,0.0,3.9092694108553306e-05,0.0,3.5538812825957547e-06,0.0,0.0,0.0012047657547999608,0.0,3.5538812825957547e-06,0.0
643,0.001320266896484323,0.00891668813803275,0.0,0.0,0.11114763711318223,0.0,0.8455589811022363,0.0,3.1984931543361794e-05,0.03302444181852105,0.0,0.0,0.0,0.0,0.0,0.0,0.0,0.0,0.0,0.0
644,1.2438584489085143e-05,0.0010910415537568967,0.0,3.5538812825957547e-06,0.06255719527689177,0.0,0.0,0.00040691940685721393,9.240091334748962e-05,0.2934404236226489,0.0,1.7769406412978774e-06,0.0,0.00971986530789939,0.007704814620667596,0.0,0.5851856458734996,0.039783924018018176,0.0,0.0
645,0.0,1.7769406412978774e-06,0.0,0.0,0.0006876760281822786,0.9993105470311764,0.0,0.0,0.0,0.0,0.0,0.0,0.0,0.0,0.0,0.0,0.0,0.0,0.0,0.0
646,0.0,0.0,0.0,0.0,0.0,0.0,0.0,0.0007018915533126616,0.0,0.0,0.0,0.0,0.0,0.0,0.0,0.0,0.0,0.0,0.0,0.9992981084466873
647,0.0,0.1716329196023207,0.0,0.25345925919344664,0.0002061251143905538,0.0,0.0,0.0,0.0,1.9546347054276653e-05,0.5746732650395814,0.0,0.0,0.0,0.0,8.884703206489387e-06,0.0,0.0,0.0,0.0
648,0.0,0.0,0.0,0.0,0.0,0.0,0.0,0.0,0.0,0.0,0.0,0.0,0.0,0.0,0.00020257123310795804,0.999797428766892,0.0,0.0,0.0,0.0
649,9.595479463008539e-05,0.22564125345392838,0.0,0.0002505486304230007,0.001652554796407026,0.7688395689142005,0.0,0.002899967126598136,0.0,0.0,0.0,0.0,0.0,0.0,0.0,0.0,0.0006201522838129593,0.0,0.0,0.0
650,0.0,0.0,0.0,0.0,0.0,0.0,0.0,0.0,0.0,0.0,0.16870274448482048,0.0,0.0,0.0,0.15502740930939202,0.6762698462057875,0.0,0.0,0.0,0.0
651,0.0,0.0,0.0,0.0,0.0,0.0,0.0,0.0,0.0,0.0,0.0,0.0,1.0,0.0,0.0,0.0,0.0,0.0,0.0,0.0
652,0.0001581477170755111,0.009117482430499408,0.0,0.1948984034188338,7.1077625651915095e-06,0.0,0.0,0.27430632679715333,0.0,0.0,0.0,0.15516245679813065,0.3663500750757421,0.0,0.0,0.0,0.0,0.0,0.0,0.0
653,0.0,0.0,0.0,0.0,0.0,0.0,0.0,0.0,0.0,0.0,0.0,0.0,1.0,0.0,0.0,0.0,0.0,0.0,0.0,0.0
654,0.0,0.0,0.0,0.0,0.0,0.0,0.0,0.0,0.0,0.0,0.0,0.0,0.0,0.0,0.0,3.5538812825957547e-06,0.43252689843895764,3.5538812825957547e-06,0.5674659937984772,0.0
655,0.0,0.0,0.0,0.0,0.0,0.0,0.0,0.0007018915533126616,0.0,0.0,0.0,0.0,0.0,0.0,0.0,0.0,0.0,0.0,0.0,0.9992981084466873
656,0.0,0.0,0.0,0.0,0.0,0.0,0.0,0.999784990182403,0.0,0.0,0.00021500981759704318,0.0,0.0,0.0,0.0,0.0,0.0,0.0,0.0,0.0
657,0.047638001652554794,0.017298517143034837,3.9092694108553306e-05,0.3723365880962746,0.029696231997370127,0.0,0.002999475802510817,0.17842260979271987,0.0,0.3514984051957744,0.0,6.752374436931934e-05,0.0,0.0,3.5538812825957547e-06,0.0,0.0,0.0,0.0,0.0
658,0.0,0.0,0.0,0.0,0.0,0.0,0.0,0.0,0.0,0.0,0.0,0.0,0.0,0.0,0.003017245208923796,0.0,0.7976579922347694,0.0002434408678578092,0.199081321688449,0.0
659,0.0027631426972181995,0.15828631844553231,2.8431050260766038e-05,1.5992465771680897e-05,0.008943342247652216,0.0,2.665410961946816e-05,0.432994233827619,2.132328769557453e-05,0.39460698515366094,0.000362495890824767,0.0,0.0,0.0,0.0019475269428624736,3.5538812825957547e-06,0.0,0.0,0.0,0.0
660,0.0,0.0,0.0,0.0,0.0,0.0,0.7561451049727684,0.0,0.0,0.0,0.23447087150053753,0.0,0.0,0.0,5.330821923893632e-06,0.009378692704770196,0.0,0.0,0.0,0.0
661,0.0,0.002468170550762752,0.00014037831066253232,0.0057306335681856545,8.7070091423596e-05,0.0,0.0,0.0,3.5538812825957547e-06,0.007871847040949597,0.5243485291373842,1.7769406412978774e-06,0.0,0.0,0.15179870816415378,0.30754933231455406,0.0,0.0,0.0,0.0
662,0.0,0.0007836308228123639,1.0661643847787265e-05,0.0,0.01185397101809814,0.0,0.9575417803168285,0.0,3.0207990902063918e-05,0.004021216671257097,1.7769406412978774e-06,0.0,0.0,0.0,0.025756754595612733,0.0,0.0,0.0,0.0,0.0
663,1.7769406412978774e-06,0.0,0.0,0.6287491226355584,0.0,0.0,0.0,0.0,0.0,0.0,0.0,0.37124732348315903,0.0,1.7769406412978774e-06,0.0,0.0,0.0,0.0,0.0,0.0
664,1.7769406412978774e-06,0.0,0.0,0.9995220029674908,0.0,0.0,0.0,0.0,0.0,0.0,0.0,0.00047444315122653326,0.0,0.0,1.7769406412978774e-06,0.0,0.0,0.0,0.0,0.0
665,0.0,0.0,0.0,0.0,5.50851598802342e-05,0.9999449148401197,0.0,0.0,0.0,0.0,0.0,0.0,0.0,0.0,0.0,0.0,0.0,0.0,0.0,0.0
666,0.12426501292724317,0.004548968041722566,0.0,0.1524526223201514,0.00035894200954217126,0.0,0.03904649365187956,3.5538812825957547e-05,0.0,0.002914182651728519,0.0,0.6434728527893526,1.7769406412978774e-06,9.950867591268114e-05,0.019233605501408225,0.0,0.006858990875409807,0.006711504802182083,0.0,0.0
667,3.5538812825957547e-05,3.5538812825957547e-06,0.0,0.16097660657645732,0.0002043481737492559,0.0,1.5992465771680897e-05,0.00015992465771680898,2.665410961946816e-05,0.011198279921459223,0.0,0.8166499338089611,0.0,0.006313470098531358,1.7769406412978774e-06,0.0,0.003907492470214033,0.0005064280827698951,0.0,0.0
668,0.0,0.0,0.0,0.0,0.0,0.9999982230593587,0.0,1.7769406412978774e-06,0.0,0.0,0.0,0.0,0.0,0.0,0.0,0.0,0.0,0.0,0.0,0.0
669,0.0024966016010235176,0.0,0.0,0.11971782182616189,0.0004122502287811076,0.0,0.037310422645331534,0.0,0.0,0.00025587945234689435,0.0,0.7814398550016437,0.008232565991133067,0.005295283111067675,8.7070091423596e-05,0.0,0.004095848178191607,0.04065640187289544,0.0,0.0
670,1.7769406412978774e-06,0.05681234618357574,1.7769406412978774e-06,0.0,0.6176325819835988,0.0,0.003353086990129095,0.012726448872975398,0.0004833278544330227,0.30178315993354243,0.00017058630156459623,0.0,0.0,0.0,0.0070349079988982965,0.0,0.0,0.0,0.0,0.0
671,0.0,5.330821923893632e-06,0.0,0.0,0.005691540874077102,0.994237381500271,0.0,6.219292244542571e-05,0.0,1.7769406412978774e-06,1.7769406412978774e-06,0.0,0.0,0.0,0.0,0.0,0.0,0.0,0.0,0.0
672,0.0,6.752374436931934e-05,0.0,0.0,2.132328769557453e-05,0.9998454061642071,0.0,6.396986308672359e-05,0.0,0.0,0.0,1.7769406412978774e-06,0.0,0.0,0.0,0.0,0.0,0.0,0.0,0.0
673,1.7769406412978774e-06,0.4593178324878057,0.0,0.0,0.37401935088358373,0.0,0.0017005321937220688,9.062397270619175e-05,0.13489822572476967,0.02680692651461978,0.00287153607633737,0.0,0.0,0.0,1.7769406412978774e-06,0.0002914182651728519,0.0,0.0,0.0,0.0
674,0.0011088109601698755,0.00031984931543361795,0.0,7.1077625651915095e-06,0.8492532406954946,0.08724778548772578,0.0,0.011640738141142396,0.0007978463479427469,0.04961929046760193,0.0,5.330821923893632e-06,0.0,0.0,0.0,0.0,0.0,0.0,0.0,0.0
675,1.7769406412978774e-06,0.09646299965349657,0.0011514575355610246,1.5992465771680897e-05,0.22579051646779738,0.0,0.00047444315122653326,0.00237754657805656,0.06760015281689515,0.456497827690066,0.14945670039892317,0.0,0.0,0.0,7.285456629321297e-05,9.773173527138326e-05,0.0,0.0,0.0,0.0
676,0.0,0.0,0.0,0.0,0.0,0.0,0.0,0.0,0.0,0.0,0.0,0.0,0.0,0.0,0.0003873730598029373,0.999612626940197,0.0,0.0,0.0,0.0
677,0.0,0.026796264870771993,3.9092694108553306e-05,0.0,0.00010839337911917052,0.0,0.0,0.0,0.01544516805416115,5.330821923893632e-06,0.6995371069629419,0.0,0.0,0.0,0.24106154433911134,0.006517818272280615,0.0,0.01048928060558137,0.0,0.0
678,0.0,0.0,0.0,0.0,0.0,0.0,0.0,0.0005775057084218102,0.0,0.0,0.6905493411992573,0.0,0.0,0.0,0.05716418043055272,0.2517089726617682,0.0,0.0,0.0,0.0
679,0.0,0.0,0.0,0.0,0.0,0.0,0.0,0.0,0.0,0.0,0.0,0.0,0.0,0.0,0.0,0.0,1.0,0.0,0.0,0.0
680,0.0,0.002087905253525006,0.0,0.0,0.7687578296447007,0.0,1.5992465771680897e-05,0.0,0.004968326033068866,0.22416994660293374,0.0,0.0,0.0,0.0,0.0,0.0,0.0,0.0,0.0,0.0
681,0.0,0.0956882535338907,1.7769406412978774e-06,0.0,0.03902161648290139,0.0,0.0,0.865165744138317,9.41778539887875e-05,5.330821923893632e-06,0.0,0.0,0.0,0.0,0.0,0.0,0.0,0.0,0.0,2.3100228336872406e-05
682,1.0,0.0,0.0,0.0,0.0,0.0,0.0,0.0,0.0,0.0,0.0,0.0,0.0,0.0,0.0,0.0,0.0,0.0,0.0,0.0
683,0.33651168782706814,0.013607811431059146,0.0,0.038319724929588725,0.03827707835419758,1.7769406412978774e-06,0.5702415750801845,0.00267074178387071,1.7769406412978774e-06,0.00023277922401002195,0.0,0.00012971666681474507,1.7769406412978774e-06,0.0,3.5538812825957547e-06,0.0,0.0,0.0,0.0,0.0
684,0.0,0.0,0.0,0.0,0.0,0.0,0.0,0.0,0.0,0.0,0.0,0.0,1.0,0.0,0.0,0.0,0.0,0.0,0.0,0.0
685,5.330821923893632e-06,0.019725818059047738,0.0,0.0,0.08135545032118202,0.7791600401588585,0.01675832718808028,0.04765399411832648,0.0,0.0012136504580064504,0.03336206054036765,0.0,0.0,0.0,0.01955523175748314,0.0012100965767238546,0.0,0.0,0.0,0.0
686,9.240091334748962e-05,0.002724050003109646,0.0,0.0,0.008157934484198555,0.5100512647375014,0.00038915000044423514,0.03551571259762067,0.0,0.00012260890424955353,0.3124519115438949,0.0,0.0,0.0,0.08969463275079297,0.039010954839053605,0.0002381100459339156,0.001551269179853047,0.0,0.0
687,0.0,1.7769406412978774e-06,0.0,0.0,0.00031096461222712853,0.0,0.0,0.0,0.0,8.884703206489387e-06,0.9696338613808606,1.7769406412978774e-06,0.0,0.0,1.7769406412978774e-06,0.00275425799401171,0.0019013264861887289,0.025385374001581477,0.0,0.0
688,1.7769406412978774e-06,0.0015637077643421322,0.0,0.0,0.007873623981590895,0.0,0.022208204134940873,5.153127859763845e-05,7.1077625651915095e-06,8.884703206489387e-06,0.7142501754728884,1.7769406412978774e-06,0.0,0.0,0.012948566453137633,0.24108464456744821,0.0,0.0,0.0,0.0
689,0.0,0.0004513429228896609,0.0,0.0,0.0011923271703108758,0.6947215978250246,5.330821923893632e-06,8.351621014100024e-05,0.0,1.7769406412978774e-06,0.0016312315087114516,0.0,0.0,0.0,0.3012980551384681,0.00030918767158583067,0.0,0.00030563379030323494,0.0,0.0
690,0.0,0.001421552513038302,0.0,0.10772524943804253,0.0003713805940312564,0.8902685845779321,0.0,0.00012083196360825567,0.0,8.884703206489387e-06,0.0,8.351621014100024e-05,0.0,0.0,0.0,0.0,0.0,0.0,0.0,0.0
691,3.1984931543361794e-05,0.0004193579913462991,0.0,5.330821923893632e-06,0.0027773582223485824,0.0,0.0524037564525157,1.7769406412978774e-06,0.0,4.975433795634057e-05,0.19222588469432178,0.0,0.0,0.0,0.5877995255568488,0.16413245315540234,7.463150693451086e-05,7.640844757580874e-05,1.7769406412978774e-06,0.0
692,0.7042975309409789,0.0,0.0,1.7769406412978774e-06,0.0,0.0,0.0,0.2904978099206596,0.0,1.7769406412978774e-06,0.0,0.0,0.005119365987579185,8.173926949970236e-05,0.0,0.0,0.0,0.0,0.0,0.0
693,0.006375663020976784,0.0004175810507050012,0.0,0.0019226497738843034,0.00015992465771680898,0.9911170737341519,1.7769406412978774e-06,3.5538812825957547e-06,0.0,0.0,0.0,1.7769406412978774e-06,0.0,0.0,0.0,0.0,0.0,0.0,0.0,0.0
694,0.0,0.0,0.0,0.5776798486046574,0.0,0.0,0.0037564525157037128,0.0,0.0,0.0,0.0,0.4185636988796389,0.0,0.0,0.0,0.0,0.0,0.0,0.0,0.0
695,0.014942293852673852,0.00018657876733627713,0.0,0.0,0.15936847529608272,0.0,0.8023970929251109,0.0,0.0,0.0033992874468028395,0.00015992465771680898,0.0,0.0,0.0,0.019498369656961608,4.7977397315042694e-05,0.0,0.0,0.0,0.0
696,0.0,0.0,0.0,0.0,1.7769406412978773e-05,0.0,0.0,0.0,0.0,0.0005721748864979166,0.02210869545902819,0.0,0.0,0.0,5.330821923893632e-05,0.9772480520288219,0.0,0.0,0.0,0.0
697,5.330821923893632e-06,0.0005170897266176823,0.0,1.7769406412978773e-05,6.930068501061722e-05,0.0,0.0,9.062397270619175e-05,0.00029497214645544766,0.0,0.0,0.0,0.0,0.0,0.38873064245288885,0.0,0.07940259255639566,0.5276198768580136,0.0032518013735751156,0.0
698,0.0,0.0,0.0,0.0,0.0,0.0,0.0,0.0,0.0,0.0,0.04491039776816255,0.0,0.0,0.0,0.00012793972617344718,0.9549616625056639,0.0,0.0,0.0,0.0
699,0.0,0.0,0.0,0.0,0.0,1.0,0.0,0.0,0.0,0.0,0.0,0.0,0.0,0.0,0.0,0.0,0.0,0.0,0.0,0.0
700,0.16816788535178984,0.0003234031967162137,0.0,0.0,0.0002114559363144474,0.0,0.8309471982088439,0.0003074107309445328,0.0,4.264657539114906e-05,0.0,0.0,0.0,0.0,0.0,0.0,0.0,0.0,0.0,0.0
701,0.012191589739944737,0.0,0.0,0.9877266709905556,1.4215525130383019e-05,0.0,0.0,4.086963474985118e-05,0.0,0.0,0.0,2.665410961946816e-05,0.0,0.0,0.0,0.0,0.0,0.0,0.0,0.0
702,0.0,0.0,3.5538812825957547e-06,0.0,0.0,0.0,0.0,0.0004833278544330227,0.0,0.0,0.00020079429246666015,0.0,0.01475926896662017,0.0,0.006070029230673549,5.330821923893632e-06,0.01866143061491031,0.9597860563467877,3.0207990902063918e-05,0.0
703,1.7769406412978774e-06,0.42153829751317157,0.0,0.0,0.3012234236315336,0.0,0.24850337174486686,0.0,3.5538812825957547e-05,0.02826401784048404,0.0004264657539114906,5.330821923893632e-06,0.0,0.0,0.0,1.7769406412978774e-06,0.0,0.0,0.0,0.0
704,0.0,0.0,0.0,0.0,0.0,0.0,0.0,0.0,0.0,0.0,0.06769788455216653,0.0,0.0,0.0,7.1077625651915095e-06,0.9322950076852683,0.0,0.0,0.0,0.0
705,0.15610423533801854,0.015926718967952877,0.0,0.00011550114168436203,0.39868328698479827,0.0,0.2910806464510053,0.0364148445621174,3.1984931543361794e-05,0.0843069487263778,0.01226444430623795,0.005071388590264142,0.0,0.0,0.0,0.0,0.0,0.0,0.0,0.0
706,0.0,0.0,0.0,0.0,0.0,0.0,0.0,1.7769406412978774e-06,0.0,0.0,0.9999982230593587,0.0,0.0,0.0,0.0,0.0,0.0,0.0,0.0,0.0
707,0.015718816912921024,0.6606398763249314,0.0,0.09651453093209421,0.0,0.0,0.1281760592787398,0.0,0.09592991746110721,0.0,0.0,0.00012971666681474507,0.0,0.002882197720185157,0.0,0.0,8.884703206489387e-06,0.0,0.0,0.0
708,0.0,0.0,0.39265768127015716,0.0,0.00019901735182536228,0.001391344522136238,1.7769406412978774e-06,0.0,0.0,0.0006627988592041083,0.005368137677360888,0.0,0.0,0.0,0.5425515090668396,0.05716773431183531,0.0,0.0,0.0,0.0
709,3.5538812825957547e-06,0.7248283031105346,7.1077625651915095e-06,0.0005419668955958526,0.039583129725551516,0.0,0.09523335672971844,0.0,0.09675797179995202,0.039153110090357435,0.0,0.0,0.0,0.0,0.0007854077634536618,0.00310609224098869,0.0,0.0,0.0,0.0
710,0.0,0.0,0.0,0.0,0.0,0.0,0.0,0.0,0.0,0.0,0.8848400309187672,0.0,0.0,0.0,3.9092694108553306e-05,0.11512087638712429,0.0,0.0,0.0,0.0
711,0.0,2.4877168978170285e-05,1.7769406412978774e-06,0.0,0.0021803061668724958,0.0,0.0,0.0,0.0,3.5538812825957547e-06,7.1077625651915095e-06,0.0,0.0,0.0,0.9966326974847405,0.0011496805949197267,0.0,0.0,0.0,0.0
712,0.0,0.0,0.0,0.0,0.0,0.9999715689497393,0.0,0.0,0.0,0.0,2.8431050260766038e-05,0.0,0.0,0.0,0.0,0.0,0.0,0.0,0.0,0.0
713,0.0,0.0,0.0,0.0,0.0,0.0,0.0,0.0,0.0,0.0,1.0,0.0,0.0,0.0,0.0,0.0,0.0,0.0,0.0,0.0
714,0.8392988192229438,0.0,0.0,5.863904116282996e-05,0.0,0.0,0.010345348413636242,0.15029719332225708,0.0,0.0,0.0,0.0,0.0,0.0,0.0,0.0,0.0,0.0,0.0,0.0
715,0.013801497960960614,0.0013860137002123444,0.4097163114266168,1.7769406412978774e-06,0.00044601210096576724,0.0,0.0014446527413751744,0.019768464634438886,0.02272173998027596,0.003129192469325562,1.7769406412978774e-06,7.1077625651915095e-06,0.00014215525130383019,0.016075981981821898,0.5051682318552149,0.0010270716906701732,2.8431050260766038e-05,0.005130027631426972,0.0,3.5538812825957547e-06
716,0.0,0.0,0.0,0.0,1.9546347054276653e-05,0.7757536449494905,0.07062983661030803,7.640844757580874e-05,0.0,3.5538812825957547e-06,0.08478494575888693,8.884703206489387e-06,0.0,0.06005703979458566,0.0,0.0002274484020861283,0.00842980640231713,8.884703206489387e-06,0.0,0.0
717,0.0,0.0,0.0,0.003989231739713735,0.9628619405968744,0.00046378150737874603,0.0,2.3100228336872406e-05,4.264657539114906e-05,0.03261219158973994,0.0,7.1077625651915095e-06,0.0,0.0,0.0,0.0,0.0,0.0,0.0,0.0
718,0.0,0.0,0.0,0.0,0.0,0.0,1.7769406412978774e-06,0.0,0.0,0.0,0.1245635389549812,0.0,0.0,0.0,0.002183860048155091,0.8732508240562225,0.0,0.0,0.0,0.0
719,0.7173260597229749,0.007278348866756106,0.0,0.0011958810515934714,0.02071024317432676,0.0,0.00035894200954217126,0.2513944541682585,0.0,0.0017360710065480263,0.0,0.0,0.0,0.0,0.0,0.0,0.0,0.0,0.0,0.0
720,0.0,0.0,0.0,0.0,0.0,0.0,0.0,0.0,0.0,0.0,0.044023704388154915,0.0,0.0,0.0,0.00107149520670262,0.9549048004051425,0.0,0.0,0.0,0.0
721,0.0,0.0,0.0,0.9991221913231988,0.0,0.0,0.0,0.0,0.0,0.0,0.0,0.0008778086768011515,0.0,0.0,0.0,0.0,0.0,0.0,0.0,0.0
722,2.132328769557453e-05,0.0,0.0,0.0,0.0,5.330821923893632e-06,0.0631986708484003,0.0041704796851261185,0.0,0.0,0.8523380096487877,0.0,0.0002381100459339156,0.0,0.0,0.0,0.0,0.0,0.0,0.0800280756621325
723,1.9546347054276653e-05,0.9757838529403925,0.0,0.01013744635860439,6.0415981804127835e-05,0.0,0.010368448641973114,0.0033992874468028395,0.0,0.00021678675823834105,1.4215525130383019e-05,0.0,0.0,0.0,0.0,0.0,0.0,0.0,0.0,0.0
724,0.0,0.0,1.7769406412978774e-06,0.0,0.9589864330582036,0.0,3.5538812825957547e-06,0.0,1.7769406412978774e-06,0.04100645917923112,0.0,0.0,0.0,0.0,0.0,0.0,0.0,0.0,0.0,0.0
725,0.0,0.0,0.0,0.0,0.0,0.0,0.0,0.0,0.0,0.0,0.0,0.0,0.0,0.0,0.0,0.0,1.0,0.0,0.0,0.0
726,0.0,0.0,0.0,0.0,0.0,0.0,0.0,0.0,0.0,0.0,0.063966309205441,0.0,0.0,0.0,9.240091334748962e-05,0.9359412898812115,0.0,0.0,0.0,0.0
727,0.0,0.0,0.0,0.0,0.0,0.0,0.0,0.0,0.0,0.0,0.0,0.0,0.0,0.0,0.0,0.0,0.0,0.0,0.0,1.0
728,0.0,0.0,0.0,0.0,7.1077625651915095e-06,0.0,0.0,0.0,0.0,0.0,0.0,0.0,0.9999928922374348,0.0,0.0,0.0,0.0,0.0,0.0,0.0
729,0.0,8.884703206489387e-06,0.0,0.9932600641475572,0.0,0.0,0.0,0.0,0.0,0.0,0.0,0.006731051149236359,0.0,0.0,0.0,0.0,0.0,0.0,0.0,0.0
730,0.9999875614155109,0.0,0.0,0.0,0.0,0.0,0.0,0.0,0.0,0.0,0.0,1.2438584489085143e-05,0.0,0.0,0.0,0.0,0.0,0.0,0.0,0.0
731,4.086963474985118e-05,0.8774515117322506,0.0,9.240091334748962e-05,0.021486766234573934,0.014682860519044362,7.1077625651915095e-06,0.0862384832034686,0.0,0.0,0.0,0.0,0.0,0.0,0.0,0.0,0.0,0.0,0.0,0.0
732,0.0,0.003537888816824074,0.0,0.0,0.004525867813385694,0.0,0.0008156157543557258,0.000522420548541576,1.2438584489085143e-05,0.00016170159835810684,6.0415981804127835e-05,0.0,0.0,0.0,0.0,0.0,0.0,0.9903636509022417,0.0,0.0
733,0.0,0.0,0.0,0.0,0.0,0.0,0.0,0.0,0.0,0.0,0.0,0.0,0.0,0.0,0.0,0.0,0.0,0.0,0.0,1.0
734,1.7769406412978774e-06,1.7769406412978774e-06,0.0,0.0,0.8082485584569048,0.0,0.0,0.011781116451804928,0.000449565982248363,0.1794958819400638,0.0,0.0,0.0,7.1077625651915095e-06,1.4215525130383019e-05,0.0,0.0,0.0,0.0,0.0
735,0.04045560758042878,0.6338880349701919,0.0,0.002276260961502581,0.09527778024575088,0.0,5.330821923893632e-06,0.226611463044077,1.0661643847787265e-05,0.00028786438389025615,0.0,0.0011852194077456842,1.7769406412978774e-06,0.0,0.0,0.0,0.0,0.0,0.0,0.0
736,0.0,0.0,0.0,0.0,0.0,0.0,0.0,0.0,0.0,0.0,0.0,0.0,0.0,0.0,0.9994758025108171,0.0005241974891828738,0.0,0.0,0.0,0.0
737,0.0,0.0,0.0,0.0,0.0,0.0,0.0,0.0,0.0,0.0,0.0,0.0,0.0,0.0,1.0,0.0,0.0,0.0,0.0,0.0
738,0.0,0.0015477152985704512,0.0,9.240091334748962e-05,0.9373663962755324,0.0,1.7769406412978774e-06,0.060860216964452304,0.0,0.00012971666681474507,0.0,0.0,0.0,0.0,1.7769406412978774e-06,0.0,0.0,0.0,0.0,0.0
739,0.0001030625571952769,0.24029212904142938,0.0,0.0,0.0654660471066964,0.0,0.6915213277300472,0.0,3.9092694108553306e-05,1.9546347054276653e-05,0.0,0.0,0.0025587945234689436,0.0,0.0,0.0,0.0,0.0,0.0,0.0
740,0.0,0.008131280374579088,0.0,0.0,0.3789787922134461,0.0,0.1455687542757634,0.0,1.7769406412978774e-06,0.022750171030536726,0.0,0.0,0.0,0.0,0.009721642248540687,0.0,0.43028795323092234,0.004559629685570354,0.0,0.0
741,0.0,0.0,0.0,0.0,0.0,0.0,0.0,0.0,0.0,0.0,0.0,0.0,1.0,0.0,0.0,0.0,0.0,0.0,0.0,0.0
742,0.004831501603688929,0.0,0.0,0.6743116576190772,0.0011372420104306415,0.0,0.00012971666681474507,0.00016347853899940473,0.0,0.0,0.0,0.31867653461036133,0.0007498689506277043,0.0,0.0,0.0,0.0,0.0,0.0,0.0
743,0.0,0.08192762520767993,0.0,0.0,0.14552966158165487,0.0,0.015422067825824278,1.0661643847787265e-05,1.4215525130383019e-05,0.0694890407185948,0.651737403712029,0.0,0.0,0.0,0.00011727808232565992,0.035750268762272,0.0,1.7769406412978774e-06,0.0,0.0
744,0.0,0.0,0.0,0.0,0.0,0.0030225760308476893,1.0661643847787265e-05,0.0,0.0,0.0,0.0,0.0,0.9167041304985207,0.0,0.0,0.00023455616465131984,0.0,0.0,0.0,0.0800280756621325
745,3.731575346725543e-05,0.39182074222810587,0.0,0.027713166241681696,0.09269233161266248,0.0,1.0661643847787265e-05,0.48759251197213754,0.00012616278553214929,1.7769406412978774e-06,0.0,5.330821923893632e-06,0.0,0.0,0.0,0.0,0.0,0.0,0.0,0.0
746,0.0,0.3946389700852043,0.0,0.00027364885875987314,0.3689355237088305,0.0,0.0014819684948424298,0.04893694526134355,0.17096478992119268,0.014729060975718106,0.0,3.9092694108553306e-05,0.0,0.0,0.0,0.0,0.0,0.0,0.0,0.0
747,0.0,0.0,0.0,0.0,0.0,0.0,0.0,0.0,1.5992465771680897e-05,0.0,0.0,1.9546347054276653e-05,0.0,0.0,0.7701420664042717,0.2283777420415271,0.0014446527413751744,0.0,0.0,0.0
748,0.0,0.10120387728447931,0.0,0.0,0.4306415644185406,0.0,1.7769406412978774e-06,0.05304878590530683,0.3971711104990538,0.01793110801133688,0.0,1.7769406412978774e-06,0.0,0.0,0.0,0.0,0.0,0.0,0.0,0.0
749,5.330821923893632e-06,0.0638721313514522,0.0,2.3100228336872406e-05,0.2517143034836921,0.0,0.0,0.6842998409638126,2.132328769557453e-05,6.0415981804127835e-05,0.0,3.5538812825957547e-06,0.0,0.0,0.0,0.0,0.0,0.0,0.0,0.0
750,7.1077625651915095e-06,0.06707595532771228,0.0,0.0017058630156459623,0.3656748376320489,0.0,0.009197444759357814,0.025204126056169094,0.05909571490764351,0.47203895053885725,0.0,0.0,0.0,0.0,0.0,0.0,0.0,0.0,0.0,0.0
751,0.0,0.0,0.0,0.0,0.0,0.0,0.0,0.0,0.0,0.0,0.0,0.0,0.0,0.0,1.0,0.0,0.0,0.0,0.0,0.0
752,5.330821923893632e-05,0.20437127397759278,0.0,0.16195214698852986,0.04459410233401153,0.0,1.7769406412978774e-06,0.5790783008893587,0.003234031967162137,8.884703206489387e-06,0.0,0.00670617398025819,0.0,0.0,0.0,0.0,0.0,0.0,0.0,0.0
753,1.9546347054276653e-05,0.3426456869208284,0.0,0.0008653700923120663,0.17467859586150525,0.0,1.4215525130383019e-05,0.4792924222366352,7.285456629321297e-05,0.002397092925110837,0.0,1.2438584489085143e-05,1.7769406412978774e-06,0.0,0.0,0.0,0.0,0.0,0.0,0.0
754,0.0,0.0,0.0002576563929881922,0.0,0.0,0.0,0.0,1.7769406412978774e-06,0.0,0.0,3.5538812825957547e-06,1.2438584489085143e-05,0.0,0.0,0.0050234111929491,0.9947011630076498,0.0,0.0,0.0,0.0
755,0.0,0.0,0.0,0.0,0.0,0.0,0.0,0.0018302488605368137,0.0,7.1077625651915095e-06,0.0,0.998162643376898,0.0,0.0,0.0,0.0,0.0,0.0,0.0,0.0
756,0.0,0.3034286069673843,0.0,0.0019244267145256014,0.24783168818245627,0.0,1.7769406412978774e-06,0.44229651808481335,0.004022993611898395,0.00048155091379172477,1.7769406412978774e-06,1.0661643847787265e-05,0.0,0.0,0.0,0.0,0.0,0.0,0.0,0.0
757,5.6862100521532076e-05,0.012541647046280418,0.009478201380682878,2.4877168978170285e-05,0.07134061286682718,0.0,0.0,0.15006086021696446,0.6748020932360754,0.031944061908611945,0.0,1.0661643847787265e-05,0.0,0.0,0.04974012243121018,0.0,0.0,0.0,0.0,0.0
758,0.0002363331052926177,1.2438584489085143e-05,0.04647232859186339,0.0,0.0,0.0,0.0,0.004469005712864162,0.2873917176796709,0.0,0.0,0.6591330306611107,0.0,8.351621014100024e-05,0.0,0.0,0.001391344522136238,0.0008102849324318321,0.0,0.0
759,0.0,0.0,0.0,0.9995379954332626,0.0,0.0,0.0,0.0,0.0,0.0,0.0,0.0004620045667374481,0.0,0.0,0.0,0.0,0.0,0.0,0.0,0.0
760,0.0,0.5014846339058043,0.0,0.0002221175801622347,0.10262542979751761,0.0,0.0,0.3547271063410127,0.04032411397297273,0.0006165984025303634,0.0,0.0,0.0,0.0,0.0,0.0,0.0,0.0,0.0,0.0
761,0.0,0.0,0.0,0.0,0.0,0.0,0.0,0.0,0.0,0.0,0.0,1.0,0.0,0.0,0.0,0.0,0.0,0.0,0.0,0.0
762,0.0,0.012301760059705206,0.0,0.0,0.0,0.0,0.00028786438389025615,3.5538812825957547e-05,2.4877168978170285e-05,0.0001652554796407026,0.007408065533570851,0.0,0.0,0.0,0.0003162954341510222,0.9794603431272378,0.0,0.0,0.0,0.0
763,0.0006841221468996829,0.45305233978658943,0.0,0.01807504020328201,0.10050376267180795,0.0,0.0004104732881398097,0.2696436345543877,6.396986308672359e-05,0.15752578785105684,0.0,2.665410961946816e-05,5.330821923893632e-06,0.0,0.0,0.0,8.884703206489387e-06,0.0,0.0,0.0
764,0.052831999147068494,0.001407336987907919,0.0009169013709097048,0.08025019324229474,0.35575950885360674,0.0,0.0,0.35433973328120977,0.0,0.12464705516512221,0.0,0.021643137011008146,0.0,0.0,0.0082041349408723,0.0,0.0,0.0,0.0,0.0
765,0.0,0.0,0.0,0.0,0.0,0.0,0.0,0.0,0.0,0.0,1.0,0.0,0.0,0.0,0.0,0.0,0.0,0.0,0.0,0.0
766,0.0,0.0,0.0,0.0,0.0,0.0,0.0003713805940312564,0.0,0.0,0.0,0.0,0.0,0.0,0.0,0.0008085079917905342,0.0,0.13071886133643706,0.5989871438344602,0.26911410624328097,0.0
767,7.107762565191509e-05,0.00359119703606301,0.0,0.3585546364823683,0.1898661075226782,0.0,0.0,0.08306664415875188,0.009687880376356027,0.0057679493216529105,0.0,0.12848702389096692,0.150434017751637,0.0,0.03595283999537995,0.0,0.0,0.0,0.0,0.034520625838493864
768,0.0,0.0,0.0,0.0,3.5538812825957547e-06,0.0,0.0008884703206489388,0.0,0.048259930877009055,1.7769406412978774e-06,0.9503274013131592,0.0,0.0,0.0,3.731575346725543e-05,0.00048155091379172477,0.0,0.0,0.0,0.0
769,1.7769406412978774e-06,0.0,2.132328769557453e-05,0.0,0.0,0.0,0.026925981537586737,0.004557852744929055,0.0,0.0,0.35517134150133717,3.5538812825957547e-06,0.0,0.0,0.6133181701065276,0.0,0.0,0.0,0.0,0.0
770,0.003029683793412881,0.00011194726040176628,0.0,0.2660399989338356,0.5294501257185503,0.19918793812692687,0.00018657876733627713,0.0017662789974500902,0.0,0.00022567146144483044,0.0,1.7769406412978774e-06,0.0,0.0,0.0,0.0,0.0,0.0,0.0,0.0
771,0.0,0.29457233481115563,0.0,0.0,0.6660524375183247,0.0,0.01053192718097252,0.0,0.00013860137002123443,0.028351087931907635,0.0003465034250530861,0.0,0.0,7.1077625651915095e-06,0.0,0.0,0.0,0.0,0.0,0.0
772,7.107762565191509e-05,0.0009009089051380238,0.0,0.23170417492203674,0.016916474905155795,5.330821923893632e-06,8.884703206489387e-06,0.041786536120760887,0.0002292253427274262,0.014252840883850275,0.0,0.0004086963474985118,0.0,7.1077625651915095e-06,0.6928398176858902,1.0661643847787265e-05,0.0002647641555533837,0.000593498174193491,0.0,0.0
773,0.0,0.0,0.0,0.0,0.0,0.0,0.0,0.0,0.0,0.0,0.0,0.0,0.0,0.012696240882073334,0.010851776496406137,0.0,0.9764519826215206,0.0,0.0,0.0
774,0.00030918767158583067,0.5492576830470978,0.0,0.0,0.22421437011896617,0.0,0.17436230042735423,0.0008582623297468748,0.004054978543441757,0.04405924320098087,0.0028839746608264553,0.0,0.0,0.0,0.0,0.0,0.0,0.0,0.0,0.0
775,0.0,0.0,0.06482812541647047,0.0,0.0,0.0,1.7769406412978774e-06,4.620045667374481e-05,0.0,0.0,0.0008813625580837472,0.0,0.0,0.0,0.9342425346281308,0.0,0.0,0.0,0.0,0.0
776,0.0,0.0,0.0,0.0,0.0,1.0,0.0,0.0,0.0,0.0,0.0,0.0,0.0,0.0,0.0,0.0,0.0,0.0,0.0,0.0
777,0.0004264657539114906,0.7149058665695273,0.0,0.0008547084484642791,0.007223263706875872,0.0011354650697893438,0.0,0.27545423045143175,0.0,0.0,0.0,0.0,0.0,0.0,0.0,0.0,0.0,0.0,0.0,0.0
778,8.884703206489387e-06,0.26575746537186923,0.0,0.10820146952991036,0.13079882366529547,0.0,0.001784048403863069,2.665410961946816e-05,7.1077625651915095e-06,9.950867591268114e-05,0.3953070997663323,0.09662470125185468,0.0,0.0,0.0,0.0013842367595710465,0.0,0.0,0.0,0.0
779,0.0,0.00018480182669497924,2.132328769557453e-05,0.0,0.1934786278464368,0.0,0.0,1.7769406412978774e-06,0.3112578074329427,0.4909065062681581,0.0,0.0,0.0,3.5538812825957547e-06,0.004145602516147948,0.0,0.0,0.0,0.0,0.0
780,0.0,0.0,0.0,0.910710509715423,4.4423516032446935e-05,0.0,0.0,1.9546347054276653e-05,0.0,0.0,0.0,0.08922552042149032,0.0,0.0,0.0,0.0,0.0,0.0,0.0,0.0
781,0.0,0.0,0.0,0.0,0.0,0.0,0.0,0.0,0.0,0.0,0.0,0.0,0.0,0.0,0.0,0.0,0.5933027107229483,0.3821666237239345,0.024530665553117198,0.0
782,0.0,0.0,0.0,0.14137695130294173,0.0,0.0,0.0,0.00021678675823834105,0.0,0.0,0.0,0.0,0.85840626193882,0.0,0.0,0.0,0.0,0.0,0.0,0.0
783,0.0,0.0,0.0,0.0,0.0,0.0,0.0,0.0,0.0,0.0,0.0,0.0,1.0,0.0,0.0,0.0,0.0,0.0,0.0,0.0
784,0.0,0.0,0.0,0.0,0.0,0.0,0.0,0.0,0.0,0.0,0.0,0.0,0.0,0.0,0.0,0.0,0.0,1.0,0.0,0.0
785,0.0,0.0,0.0,0.9999982230593587,0.0,0.0,0.0,0.0,0.0,0.0,0.0,1.7769406412978774e-06,0.0,0.0,0.0,0.0,0.0,0.0,0.0,0.0
786,0.0,0.0,0.0,0.0,0.0,0.0,0.0,0.0,0.0,0.0,0.0,0.0,0.0,0.0,0.0,0.0,0.0,1.0,0.0,0.0
787,1.0,0.0,0.0,0.0,0.0,0.0,0.0,0.0,0.0,0.0,0.0,0.0,0.0,0.0,0.0,0.0,0.0,0.0,0.0,0.0
788,0.08460547475411584,0.0,3.5538812825957547e-06,6.752374436931934e-05,0.23645038337494337,0.0,0.0010857107318330032,0.04082876511510133,0.00039092694108553306,0.032505575151262074,0.0,0.001174557763897897,0.0,0.0,0.6028217817383811,0.0,6.574680372802146e-05,0.0,0.0,0.0
789,0.0,0.0,0.0,0.0,0.0,0.0,0.0,0.0,0.0,0.0,0.5832772116247457,0.0,0.0,0.0,0.00019190958926017078,0.41653087878599415,0.0,0.0,0.0,0.0
790,0.0,0.1783799632173287,0.18229456345010794,0.00027009497747727736,0.0008333851607687045,0.0,3.376187218465967e-05,0.020269561895284886,8.529315078229812e-05,0.05217453110978828,0.00010483949783657477,0.007130862793528382,0.0,0.0,0.5578811759793164,0.0005295283111067674,0.0,1.2438584489085143e-05,0.0,0.0
791,0.0,0.0,0.0,0.0,0.0,0.9997565591321422,0.0,1.7769406412978774e-06,0.0,0.0,0.0,0.0,0.00024166392721651134,0.0,0.0,0.0,0.0,0.0,0.0,0.0
792,0.0,0.0,0.0,0.9935106127779801,0.0,0.0,0.0,0.0,0.0,0.0,0.0,0.006489387222019849,0.0,0.0,0.0,0.0,0.0,0.0,0.0,0.0
793,0.0,0.01588229545192043,0.0,0.0,0.059659005090934934,0.9244515916945795,0.0,1.7769406412978774e-06,0.0,5.330821923893632e-06,0.0,0.0,0.0,0.0,0.0,0.0,0.0,0.0,0.0,0.0
794,0.8574982452711167,0.004536529457233481,0.0,1.4215525130383019e-05,0.00030207990902063916,0.0,0.0946007658614164,0.03981590894956154,0.0,0.0,0.0,0.003232255026520839,0.0,0.0,0.0,0.0,0.0,0.0,0.0,0.0
795,0.04511829982319441,9.950867591268114e-05,0.0,0.11198457615523354,0.010069922614235071,0.0,8.884703206489387e-05,0.003935923520474799,0.0,0.5877302248718381,0.0,0.0,0.0,0.0,0.24097269730704646,0.0,0.0,0.0,0.0,0.0
796,2.3100228336872406e-05,0.15465247483407818,0.0,0.0,0.013231100015103995,0.8214316810746937,0.0,0.010661643847787264,0.0,0.0,0.0,0.0,0.0,0.0,0.0,0.0,0.0,0.0,0.0,0.0
797,0.22515081783693017,0.005757287677805123,1.7769406412978773e-05,0.7474185494833545,0.0032429166703686263,0.0,0.0075182358533313195,0.0004726662105852354,1.4215525130383019e-05,0.00013327054809734082,0.0,0.0022282835641875384,0.005494300462893037,0.0,0.002551686760903752,0.0,0.0,0.0,0.0,0.0
798,0.0,0.0,0.0,0.0,0.44593569251819143,0.0,0.0,0.0,0.0,0.017298517143034837,0.0,0.0,0.5367480209323607,1.7769406412978773e-05,0.0,0.0,0.0,0.0,0.0,0.0
799,0.0035201194104110952,0.0,6.396986308672359e-05,8.884703206489387e-06,0.008241450694339555,0.0,0.0,0.6921343722512949,0.0,0.027606549803203824,1.7769406412978774e-06,3.1984931543361794e-05,0.0,1.7769406412978773e-05,0.06840510692740309,0.0,0.05899798317237213,0.14069105221540074,0.0002789796806837668,0.0
800,1.0,0.0,0.0,0.0,0.0,0.0,0.0,0.0,0.0,0.0,0.0,0.0,0.0,0.0,0.0,0.0,0.0,0.0,0.0,0.0
801,0.0,0.5298765914724619,0.0,3.5538812825957547e-06,0.29305838138476986,0.009449770330422113,0.009865574440485815,0.03151759615470045,1.7769406412978774e-06,0.07300916012900589,0.0011372420104306415,0.0,0.0,9.41778539887875e-05,0.0003678267127486606,7.1077625651915095e-06,0.05160946398585555,1.7769406412978774e-06,0.0,0.0
802,0.0,0.0,0.012202251383792525,0.0,0.0,0.0,0.0,5.330821923893632e-06,0.0,0.0,0.11215160857551554,0.0,0.0,0.0,0.6367329169369097,0.23841390278357752,0.0,0.00049398949828081,0.0,0.0
803,0.0006574680372802146,0.9764750828498574,0.0,0.0,0.0,0.0,0.0,0.022867449112862384,0.0,0.0,0.0,0.0,0.0,0.0,0.0,0.0,0.0,0.0,0.0,0.0
804,9.950867591268114e-05,0.3282506907856743,0.0,0.0004335735164766821,0.12510195196929447,0.0,0.0006983376720300659,0.028777553685819125,0.04272831466064876,0.4735138112711345,2.132328769557453e-05,3.731575346725543e-05,0.0,0.0,0.0003376187218465967,0.0,0.0,0.0,0.0,0.0
805,0.0,0.0,0.0,0.0,0.0,0.0,0.0,0.0,0.0,0.0,0.0006592449779215126,0.0,0.0,0.0,0.7687667143479072,0.23057404067417128,0.0,0.0,0.0,0.0
806,0.0,0.0,0.0,0.0,0.0,0.0,1.7769406412978774e-06,0.0009826481746377262,0.0,0.0,0.05908505326379572,7.996232885840449e-05,0.0,0.0,0.701619681394543,0.00035716506890087334,4.264657539114906e-05,0.19887697351469974,0.0,0.03895409273853207
807,0.0,0.003511234707204606,7.996232885840449e-05,0.0004620045667374481,0.027062805966966672,0.0,0.0,0.015352767140813661,3.5538812825957547e-06,0.10943288939432978,0.009169013709097047,1.7769406412978774e-06,0.0,0.0,0.00013860137002123443,7.640844757580874e-05,0.7640080673105115,0.0687373948273258,0.0019635194086341547,0.0
808,0.6537844393308041,0.10806464510053042,0.0,0.028043677200963103,0.003754675575062415,0.0,0.0,0.20584258082858742,1.7769406412978773e-05,0.00010839337911917052,0.0,0.00038381917852034155,0.0,0.0,0.0,0.0,0.0,0.0,0.0,0.0
809,5.330821923893632e-06,0.0,0.0,0.0,0.8905386795554094,0.0,0.0,0.024535996375041093,0.009522624896715326,0.032159071726208986,0.0,0.042420903929704226,1.7769406412978774e-06,0.0,0.0008156157543557258,0.0,0.0,0.0,0.0,0.0
810,0.0,0.0,0.0,0.0,0.0,0.0,0.0,0.0,0.0,0.0,0.6787966557977131,0.0,0.0,7.285456629321297e-05,0.0,0.3211304896359937,0.0,0.0,0.0,0.0
811,8.884703206489387e-06,0.3229074302772916,0.0,0.009542171243769602,0.6092347605128251,0.0036480591365845422,0.008101072383677023,0.0005295283111067674,0.002517924888719092,0.030167121267314065,0.011272911428393734,0.002063028084546836,0.0,0.0,0.0,7.1077625651915095e-06,0.0,0.0,0.0,0.0
812,0.0,0.03789148223503594,0.010736275354721776,0.0008173926949970236,0.006226400007107762,0.0,0.0,0.0,0.527580784163905,0.19852336232708145,0.004342842927332013,0.0007463150693451085,0.0,0.0,0.21261805549385623,0.0005170897266176823,0.0,0.0,0.0,0.0
813,0.0,0.0,0.0,0.0,0.33759029079633596,0.0,4.620045667374481e-05,3.5538812825957547e-06,0.0,0.026892219665402076,0.0,0.0,0.0,0.0,0.6354304194468384,3.731575346725543e-05,0.0,0.0,0.0,0.0
814,0.0,0.0,0.0,1.7769406412978774e-06,0.0,0.0,0.0,0.0,0.0,0.0,0.0,0.0,0.0,0.0,0.9995468801364691,0.0004513429228896609,0.0,0.0,0.0,0.0
815,0.004911463932547333,9.773173527138326e-05,0.0,0.9803114976944195,0.006359670555205104,3.5538812825957547e-06,0.0011834424671043865,0.0004086963474985118,1.7769406412978774e-06,1.7769406412978774e-06,0.0,0.006720389505388572,0.0,0.0,0.0,0.0,0.0,0.0,0.0,0.0
816,0.03729620712020115,0.012301760059705206,0.0,0.2123870532104875,0.0,0.004184695210256501,0.15641697689088696,0.06337991879381269,0.0,3.5538812825957547e-06,0.09346885467290965,0.15206524926034845,0.1661865965367427,7.1077625651915095e-06,0.0007836308228123639,0.08994162749993337,0.011448828551882225,0.00012083196360825567,0.0,7.1077625651915095e-06
817,0.4996668236297567,0.012682025356942952,0.0,2.8431050260766038e-05,0.27085550807175285,0.0,0.14665446500759644,0.004005224205485416,2.4877168978170285e-05,0.06607553774666157,1.7769406412978774e-06,1.7769406412978774e-06,1.7769406412978774e-06,0.0,0.0,0.0,0.0,1.7769406412978774e-06,0.0,0.0
818,0.00014037831066253232,0.3268842234325162,0.0,0.5310262720673816,0.0009488863024530665,0.13178680266185708,3.5538812825957547e-06,0.0012491892708324079,0.0,0.0,0.0,0.007955363251090598,0.0,0.0,1.7769406412978774e-06,3.5538812825957547e-06,0.0,0.0,0.0,0.0
819,0.0,0.0,0.0,0.0,1.7769406412978774e-06,0.0,0.0,0.0,0.0,0.0,0.0,0.0,0.0,0.0,0.9999982230593587,0.0,0.0,0.0,0.0,0.0
820,0.39804891917585494,0.0,0.0,0.0,0.034899114195090314,0.0015548230611356429,0.5614741499560207,0.003991008680355033,1.7769406412978774e-06,1.2438584489085143e-05,0.0,0.0,0.0,0.0,1.7769406412978773e-05,0.0,0.0,0.0,0.0,0.0
821,0.0,0.42811830870789763,0.0,0.0026494184961751354,6.574680372802146e-05,0.566671701331817,0.0,0.002493047719740922,0.0,0.0,0.0,0.0,0.0,0.0,0.0,0.0,1.7769406412978774e-06,0.0,0.0,0.0
822,0.013739305038515188,0.9470738229989427,0.0,0.0,0.011073894076568372,0.0,0.0,0.028111200945332423,0.0,0.0,0.0,0.0,1.7769406412978774e-06,0.0,0.0,0.0,0.0,0.0,0.0,0.0
823,0.0,0.26726964185761376,0.0,0.7219176743400887,0.0,0.0,0.0,0.00868035503274013,0.002132328769557453,0.0,0.0,0.0,0.0,0.0,0.0,0.0,0.0,0.0,0.0,0.0
824,0.0,0.0,0.0,0.0,0.0,0.0,0.0,0.0,0.0,0.0,0.0,0.0,0.0,0.0,0.0,0.0,0.0,0.0,0.0,1.0
825,0.02139791920250904,0.6189386333549528,0.0,3.5538812825957547e-06,0.06306362335966167,0.0,1.7769406412978774e-06,0.29556209074835854,0.0009311168960400878,5.50851598802342e-05,0.0,0.0,0.0,0.0,4.620045667374481e-05,0.0,0.0,0.0,0.0,0.0
826,0.0,0.0,0.0,0.0,0.0,0.0,0.0,0.0,0.0,0.0,0.0,0.0,1.0,0.0,0.0,0.0,0.0,0.0,0.0,0.0
827,0.0004122502287811076,0.6080921876804706,0.0,0.019018595683811184,1.9546347054276653e-05,0.3723756807903832,0.0,7.996232885840449e-05,0.0,0.0,0.0,1.7769406412978774e-06,0.0,0.0,0.0,0.0,0.0,0.0,0.0,0.0
828,0.00028075662132506465,0.16615994242712323,0.0,4.086963474985118e-05,0.35649516227910405,0.0,0.009339600010661643,0.024157508018444643,0.001958188586710261,0.028590974918482847,0.186584098158201,0.022375236555222874,0.0,0.0,1.7769406412978774e-06,0.2040158858493332,0.0,0.0,0.0,0.0
829,0.0004015885849333203,0.02923422743063268,0.0,0.0,0.017876022851456647,0.0,0.0,0.3176192549287891,0.0,0.0003465034250530861,0.0,1.7769406412978774e-06,0.0018213641573303243,0.0,0.0,0.0,0.0,0.0,0.0,0.6326992616811635
830,0.03756985597896102,0.9003811537675583,0.0,0.0056648867644576335,0.018730731299920925,1.7769406412978774e-06,7.1077625651915095e-06,0.03755208657254804,0.0,6.574680372802146e-05,1.7769406412978774e-06,1.0661643847787265e-05,7.1077625651915095e-06,0.0,7.1077625651915095e-06,0.0,0.0,0.0,0.0,0.0
831,3.5538812825957547e-06,0.0015779232894725151,0.0,0.0016418931525592389,0.010196085399767222,0.0,0.0006148214618890656,8.884703206489387e-06,0.0004104732881398097,2.132328769557453e-05,0.0,0.0,0.0,0.0,0.9855250415359875,0.0,0.0,0.0,0.0,0.0
832,0.0,0.0,0.0,0.01252387763986744,0.0,0.0,0.0,0.0,0.0,0.0,0.0,0.9874761223601326,0.0,0.0,0.0,0.0,0.0,0.0,0.0,0.0
833,0.0,0.030495855285954172,3.9092694108553306e-05,0.005151350919122547,0.048467832932040905,0.7973914511385747,0.0002061251143905538,0.0,0.0,0.003772444981475394,9.773173527138326e-05,8.884703206489387e-06,0.0,0.0,0.010834007089993158,0.01660373335228737,0.0,0.08693149005357476,0.0,0.0
834,0.0,0.0,0.0,0.0,0.0002363331052926177,0.0,0.0,0.0,0.0,0.0021056746599379846,0.0,0.0,0.0,0.0,0.9920108748767248,0.005647117358044655,0.0,0.0,0.0,0.0
835,0.0,0.0,0.0,0.0,0.0,0.0,0.0,0.0,0.0,0.0,0.0,0.0,0.0,0.0,0.0,0.0,0.0,0.0,0.0,1.0
836,0.0,0.0,0.0,0.0,0.16716391388945653,0.0,0.0,1.7769406412978774e-06,0.36169804447682424,0.46331950281200857,4.7977397315042694e-05,0.0,0.0,0.0,1.4215525130383019e-05,0.007754568958623937,0.0,0.0,0.0,0.0
837,0.0,0.0,0.06661217382033353,0.0,0.0,0.0,0.0,0.5553063889900758,1.7769406412978774e-06,0.0,0.0,0.0,0.0,0.0,0.20541256119339332,0.0,1.7769406412978774e-06,0.01591428038346379,0.15675104173145096,0.0
838,5.330821923893632e-06,8.884703206489387e-06,0.0,0.0,0.3224916261672279,0.0,0.0,0.04023349000026654,0.044220944799338975,0.5765106216626834,0.0,0.0,0.0,1.7769406412978774e-06,3.9092694108553306e-05,0.0,0.016488232210603006,0.0,0.0,0.0
839,0.002610325802066582,0.08286407292564392,0.0,0.0010110792248984922,0.5811022362797971,0.0,0.0,0.2997005855019413,0.0002914182651728519,0.0309738523184633,0.0,0.0014446527413751744,0.0,0.0,0.0,0.0,0.0,1.7769406412978774e-06,0.0,0.0
840,0.0,0.0,0.0,0.0,8.884703206489387e-05,0.0,0.0,0.5834833367391362,0.0,0.0005241974891828738,0.0,0.3829307081996926,0.0,0.03296047195543433,8.884703206489387e-06,3.5538812825957547e-06,0.0,0.0,0.0,0.0
841,0.0,0.0,0.0,0.0,0.0,0.0,0.0,0.0,0.0,0.0,0.0,0.0,1.0,0.0,0.0,0.0,0.0,0.0,0.0,0.0
842,0.0,0.0,0.0,0.0,0.0,0.0,0.0,0.0,0.0,0.0,0.0012367506863433227,0.0,0.0,0.0,1.9546347054276653e-05,0.9987437029666024,0.0,0.0,0.0,0.0
843,0.9432765008484891,1.0661643847787265e-05,0.0,8.884703206489387e-06,1.7769406412978774e-06,0.0,0.05616020896821942,0.0,0.0,0.0,0.0,5.330821923893632e-06,0.0,0.0,0.0,0.0,0.0005206436079002781,1.5992465771680897e-05,0.0,0.0
844,0.0,0.0,0.0,0.0,0.0,0.0,0.0,1.0661643847787265e-05,0.0,0.0,0.05430152905742184,0.0,0.0,0.0,0.24316899593969063,0.5732161737137171,0.0,0.1292546622480076,4.264657539114906e-05,5.330821923893632e-06
845,0.0,0.06221602267376258,0.0,7.1077625651915095e-06,0.0756887866160831,0.0,7.1077625651915095e-06,7.996232885840449e-05,9.773173527138326e-05,0.004230895666930246,0.007459596812168489,0.003116753884836477,0.0,0.0,0.8470054107842527,9.062397270619175e-05,0.0,0.0,0.0,0.0
846,1.7769406412978774e-06,0.0008191696356383215,0.0,0.0,0.11451671656908301,0.8413405240197951,0.0,0.04324007356534255,8.173926949970236e-05,0.0,0.0,0.0,0.0,0.0,0.0,0.0,0.0,0.0,0.0,0.0
847,0.01689515161746022,0.00011194726040176628,0.0,0.0021145593631444744,0.00013682442937993657,0.6954359279628264,1.7769406412978774e-06,0.006629765532682381,0.0,0.0,0.0,0.00026298721491208586,0.0,0.0014677529697120467,0.02937638268193651,0.0,0.2354126500404254,0.012154273986477481,0.0,0.0
848,3.1984931543361794e-05,0.0956882535338907,0.0,0.0,0.7945625616376285,0.0,0.03294270254902135,0.04383890256145993,2.132328769557453e-05,0.03153181167983084,1.7769406412978774e-06,0.0,0.0,0.0,0.0013806828782884507,0.0,0.0,0.0,0.0,0.0
849,0.0,1.7769406412978774e-06,5.330821923893632e-06,0.0,1.5992465771680897e-05,0.0,0.0,6.219292244542571e-05,4.4423516032446935e-05,0.0004158041100637033,0.0,1.7769406412978773e-05,0.0,0.0016596625589722176,0.37268131458068643,0.0,0.6224427602995922,0.002652972377457731,0.0,0.0
850,0.5237354846161364,0.0,0.0,0.0,0.0,0.0,0.4762645153838636,0.0,0.0,0.0,0.0,0.0,0.0,0.0,0.0,0.0,0.0,0.0,0.0,0.0
851,3.5538812825957547e-06,0.005444546124936696,0.0001581477170755111,0.4387017671674678,0.0060131671301520175,0.27639600899131966,7.1077625651915095e-06,6.219292244542571e-05,0.04224498680621574,0.2057839417874246,1.7769406412978774e-06,4.975433795634057e-05,0.0,1.7769406412978774e-06,0.02046147148454506,4.620045667374481e-05,0.00047088926994393753,0.0009648787682247474,0.003187831510488392,0.0
852,0.0,0.7211358204579176,0.0,0.0,0.21752063472319708,0.0,0.007162847725071744,0.0067577052588558275,0.005958081970271783,0.039961618082147966,0.001494407079331515,0.0,0.0,0.0,0.0,8.884703206489387e-06,0.0,0.0,0.0,0.0
853,0.0,0.9699004024770552,1.7769406412978774e-06,1.7769406412978774e-06,0.0,0.0,0.0,3.0207990902063918e-05,0.030065835650760087,0.0,0.0,0.0,0.0,0.0,0.0,0.0,0.0,0.0,0.0,0.0
854,0.0,0.0,3.5538812825957547e-06,0.0,0.0007125531971604489,0.0,0.0,0.0,1.9546347054276653e-05,0.0004229118726288948,0.017584604586283796,0.0,0.0,0.0,0.4379376826917097,0.5433013780174674,0.0,0.0,0.0,1.7769406412978773e-05
855,8.884703206489387e-06,0.0010661643847787265,0.0,0.0,0.0,0.0,5.330821923893632e-06,0.2830382131084911,2.4877168978170285e-05,0.06322710189866107,0.00760175206347232,0.6446189795029897,0.0,0.00011550114168436203,0.0,7.285456629321297e-05,0.00019190958926017078,2.3100228336872406e-05,0.0,5.330821923893632e-06
856,3.5538812825957547e-06,0.03462546533633044,0.0,0.04703206489387222,0.2251934644123213,0.0,0.0,0.6169075902019493,0.00034117260312919247,0.07589668867111495,0.0,0.0,0.0,0.0,0.0,0.0,0.0,0.0,0.0,0.0
857,0.0,6.574680372802146e-05,0.0009204552521923005,3.5538812825957547e-05,0.012426145904596057,0.0,0.0,0.05206080690874521,7.1077625651915095e-06,0.6517143034836921,0.0,0.0,0.0,0.0006041598180412783,0.013988076728296892,0.0,0.15299636615638854,0.0961964585573019,0.018414435865769904,0.0005703979458566187
858,0.0,0.0,0.0,0.0,0.0,0.0,7.1077625651915095e-06,0.09743143230300391,0.0,4.620045667374481e-05,0.9024974900713442,0.0,0.0,0.0,0.0,8.884703206489387e-06,0.0,0.0,0.0,8.884703206489387e-06
859,7.1077625651915095e-06,0.0,0.0,0.0,0.0,0.0,0.0,0.9983012447469193,6.0415981804127835e-05,7.1077625651915095e-06,0.0,0.00039092694108553306,0.0008778086768011515,1.7769406412978774e-06,0.0,0.0,0.0003536111876182776,0.0,0.0,0.0
860,0.9829680239531599,0.0,0.0,0.0,0.0,0.0,0.0,0.017031976046840154,0.0,0.0,0.0,0.0,0.0,0.0,0.0,0.0,0.0,0.0,0.0,0.0
861,0.0,0.0,0.0009968636997681093,0.0,1.7769406412978774e-06,0.0,0.0,0.01839133563743303,2.132328769557453e-05,0.0,0.0,0.0,0.0,0.0,0.9725604826170782,0.00802821781738381,0.0,0.0,0.0,0.0
862,0.0,0.0,0.0,0.0,0.0,0.0,0.06766056879869928,0.0,0.0,0.0014517605039403659,0.014974278784217213,0.89649498458504,0.0,0.0,0.011454159373806118,0.007964247954297086,0.0,0.0,0.0,0.0
863,0.0,0.0,0.0,0.0,0.0,0.0,0.0,1.0,0.0,0.0,0.0,0.0,0.0,0.0,0.0,0.0,0.0,0.0,0.0,0.0
864,0.0,0.0,0.0,0.0,0.0,0.0,0.0,0.8997965402965714,0.0,0.0,0.0,0.0,0.10011105879008111,0.0,0.0,0.0,0.0,0.0,0.0,9.240091334748962e-05
865,0.0,0.0,1.7769406412978774e-06,0.0,0.0009986406404094072,0.0,0.0009115705489858111,0.0,1.7769406412978774e-06,0.9976224534219434,0.0,0.0,0.0,0.0,0.00046378150737874603,0.0,0.0,0.0,0.0,0.0
866,0.0,0.0,0.0,0.0,0.0,0.0,0.0,0.0,0.0,0.0,0.0,0.0,0.0,0.0,0.0841310316028893,0.9158689683971107,0.0,0.0,0.0,0.0
867,0.0,0.06828960578571873,2.665410961946816e-05,0.0,1.2438584489085143e-05,0.0,0.00026654109619468164,0.0006041598180412783,0.011166294989915861,0.0,0.0,0.00022567146144483044,0.0,0.0,0.919396195570087,0.0,0.0,0.0,0.0,1.2438584489085143e-05
868,1.7769406412978774e-06,0.0,0.0,0.0,0.0,0.0,0.0,1.4215525130383019e-05,0.0,0.0,0.0,0.0,0.0,0.000348280365694384,0.0,0.0,0.10591632386520128,0.010011283573072242,0.0,0.8837081197302604
869,0.0,0.0,0.0,9.773173527138326e-05,0.0,0.0,0.0,0.0,0.0,0.0,0.0,0.0,0.9999022682647286,0.0,0.0,0.0,0.0,0.0,0.0,0.0
870,0.02566790756354784,0.00040336552557461815,0.0,0.007999786767123044,0.0,1.7769406412978774e-06,0.9659236093218306,0.0,0.0,0.0,0.0,1.7769406412978774e-06,0.0,0.0,0.0,0.0,0.0,0.0,1.7769406412978774e-06,0.0
871,0.9978125860705623,0.0,0.0,0.0,0.0,0.0,0.002187413929437687,0.0,0.0,0.0,0.0,0.0,0.0,0.0,0.0,0.0,0.0,0.0,0.0,0.0
872,0.0,0.0,0.0,0.0,0.0,0.0012669586772453866,0.0,0.4255541833625048,0.0,0.0,3.5538812825957547e-06,0.0,0.0,0.0,0.0,0.0,0.0006396986308672359,0.5060940179293311,0.06354872815473599,0.0028928593640329446
873,0.000565067123932725,0.0,0.0,0.0,0.0,0.0,0.0,0.002157205938535623,0.0,0.0,0.0,0.0,0.9972777269375317,0.0,0.0,0.0,0.0,0.0,0.0,0.0
874,0.011459490195730011,0.01107567101720967,0.0,0.0,0.8377120112302648,0.0,0.04037209137028778,0.006373886080335486,0.001277620321093174,0.09143958846054748,0.0,0.0,0.0,1.7769406412978774e-06,0.0002860874432489583,0.0,0.0,1.7769406412978774e-06,0.0,0.0
875,0.0,0.0,0.0,0.0,0.0,0.0,0.0,0.0,0.0,0.0,0.0,0.0,1.0,0.0,0.0,0.0,0.0,0.0,0.0,0.0
876,9.595479463008539e-05,0.8051406892752747,0.0,0.00033406484056400096,0.061435945732232815,0.11675743871775963,0.0,0.01623235275825611,0.0,1.7769406412978774e-06,0.0,1.7769406412978774e-06,0.0,0.0,0.0,0.0,0.0,0.0,0.0,0.0
877,0.0,0.0,0.0,0.0,0.0,0.004291311648734374,0.0,7.1077625651915095e-06,0.0,0.0,0.0,0.0,0.11199346085844003,0.0,0.0,0.0,0.0,0.0,0.0,0.8837081197302604
878,0.0,0.0017964869883521542,0.0,0.0,0.31466775652359336,0.0,4.7977397315042694e-05,0.0,0.004854601832025802,0.00031096461222712853,0.6764084475758088,0.0,0.0,0.0,1.7769406412978774e-06,0.0019119881300365162,0.0,0.0,0.0,0.0
879,1.7769406412978774e-06,0.005076719412188036,0.0,0.0,0.0034756958943786484,0.9914440308121507,0.0,0.0,1.7769406412978774e-06,0.0,0.0,0.0,0.0,0.0,0.0,0.0,0.0,0.0,0.0,0.0
880,0.0,0.045932138636908836,0.10629125834051513,0.0,0.30909349373184186,0.0,1.7769406412978773e-05,0.008842056631098239,0.03983723223725712,0.02483807628406173,0.04802004389043384,0.0,0.0,0.0,5.153127859763845e-05,0.4170763995628726,0.0,0.0,0.0,0.0
881,0.0,4.620045667374481e-05,0.0,0.0043552815118210976,0.0014304372162447913,0.9924764333247448,0.0,0.001668547262178707,0.0,1.7769406412978774e-06,0.0,2.132328769557453e-05,0.0,0.0,0.0,0.0,0.0,0.0,0.0,0.0
882,0.0,0.0,0.0,0.0,0.0,0.0,0.0,0.0,0.0,0.0,0.0,0.0,0.0,0.0,0.15249349195490125,0.0,0.0,0.8475065080450987,0.0,0.0
883,4.4423516032446935e-05,0.06877293364015175,0.0,0.08567341607953587,0.032745462137837286,0.030716195925475108,0.20037493447531385,0.04655762174264569,7.1077625651915095e-06,0.006365001377128997,0.1008733663251979,0.021266425595053,0.15618597460751824,0.0,0.24138494753582757,0.00738318836459268,0.0,0.0,0.0016490009151244303,0.0
884,0.00014037831066253232,0.7995308876706974,1.7769406412978774e-06,0.18563698879638926,0.0050127495491013125,0.0,0.0034259415564223076,0.003116753884836477,0.0003642728314660649,1.4215525130383019e-05,0.0021785292262311976,0.0005775057084218102,0.0,0.0,0.0,0.0,0.0,0.0,0.0,0.0
885,0.00026654109619468164,0.0,0.0,0.00011372420104306415,0.00015103995451031958,0.0,1.2438584489085143e-05,0.0004620045667374481,1.7769406412978774e-06,0.00027364885875987314,0.0,0.00035183424697697975,0.0,0.0,0.19726528835304258,0.8011017031976047,0.0,0.0,0.0,0.0
886,0.0,0.0,0.2549341199257239,0.0,0.0,0.0,0.0,0.0,0.0,0.0,0.00044245821968317146,0.0,0.0,0.0,0.7371975869146091,0.00023988698657521345,1.7769406412978773e-05,0.0,0.007168178546995638,0.0
887,0.0,0.0008458237452577896,1.7769406412978774e-06,0.0,0.7431094684282071,0.0,0.0,0.09473403640951374,0.13635176316935133,0.024687036329551413,0.0,0.0,0.00012793972617344718,0.0,0.0,0.0,0.0,0.0,0.0,0.00014215525130383019
888,0.00012260890424955353,0.37286078558545754,0.0,0.02942791396053415,0.4439277495935248,0.0,0.002119890185068368,0.010240508915799668,0.08679999644611872,0.0533277655859906,0.0,0.0011194726040176628,3.5538812825957547e-05,0.0,1.5992465771680897e-05,0.0,1.7769406412978774e-06,0.0,0.0,0.0
889,0.0,1.7769406412978774e-06,0.0,0.0,0.0,0.0,0.0,1.5992465771680897e-05,0.0,0.9989711513686885,0.0,1.7769406412978774e-06,0.0,0.0,0.0010093022842571943,0.0,0.0,0.0,0.0,0.0
890,0.0,0.0,0.0,0.0,0.0,0.0,0.0,1.7769406412978774e-06,0.0,0.0,0.0,0.0,0.0,0.0,5.330821923893632e-06,0.0,0.0,0.9999928922374348,0.0,0.0
891,0.0,0.8213961422618677,0.0,0.0,0.103975904684904,0.0,0.00012083196360825567,0.07432409620356632,1.4215525130383019e-05,0.00010128561655397902,6.574680372802146e-05,1.7769406412978774e-06,0.0,0.0,0.0,0.0,0.0,0.0,0.0,0.0
892,0.007242810053930148,1.7769406412978774e-06,0.0,0.0,0.009232983572183771,0.0,0.0,0.6853482359421783,0.0,8.884703206489387e-05,0.0,1.7769406412978774e-06,0.29808356951836024,0.0,0.0,0.0,0.0,0.0,0.0,0.0
893,0.0,0.0,0.0,0.0,0.0,0.0,0.0,0.0,0.0,0.0,0.25839560029497216,0.0,0.0,0.0,0.0,0.7416043997050279,0.0,0.0,0.0,0.0
894,0.0,0.0,0.0,0.0,0.0,0.0,0.0,0.0,0.0,0.0,0.0,0.0,1.0,0.0,0.0,0.0,0.0,0.0,0.0,0.0
895,0.0,0.0,0.0,0.0,0.0,0.0,0.0,0.0,0.0,0.0,0.45145309320942134,0.0,0.0,0.0,0.0,0.5485469067905787,0.0,0.0,0.0,0.0
896,0.0,3.5538812825957547e-05,0.0,3.1984931543361794e-05,2.3100228336872406e-05,0.9999075990866525,1.7769406412978774e-06,0.0,0.0,0.0,0.0,0.0,0.0,0.0,0.0,0.0,0.0,0.0,0.0,0.0
897,0.0014890762574076212,0.0,0.0,0.0,0.004751539274830525,0.1018791147281725,0.0,0.8906719501035067,1.7769406412978774e-06,0.0010661643847787265,0.0,0.0,0.00014037831066253232,0.0,0.0,0.0,0.0,0.0,0.0,0.0
898,0.5475216120405498,0.32980729078745125,0.0,0.08496619370429931,0.021243325366716123,0.0,7.1077625651915095e-06,0.0010021945216920028,0.002825335619663625,0.00013682442937993657,0.0,1.7769406412978774e-06,0.0,0.012483008005117589,0.0,0.0,5.330821923893632e-06,0.0,0.0,0.0
899,0.0,0.0,0.0,0.0,0.0,0.0,0.0,0.0,0.0,0.0,0.8342611925048644,0.0,0.0,0.0,0.0,0.040231713059625245,0.07602818227857099,0.011162741108633266,0.03831617104830613,0.0
900,0.0,0.0,0.0,0.0,0.0,0.0,0.0,0.03283075528861958,0.0,0.0,0.15229980542499977,0.0,2.132328769557453e-05,0.0,0.47880731744156085,0.0,0.10045223139321031,0.11051860012616278,0.12381011612307091,0.0012598509146801952
901,3.1984931543361794e-05,0.02596821053192718,0.0,0.22186525459117037,0.00045311986353095874,0.0,0.675562623830551,3.0207990902063918e-05,0.0,0.010800245217808499,0.0,0.0,0.0,0.0,8.884703206489387e-06,0.0,0.06527769139871882,1.7769406412978774e-06,0.0,0.0
902,0.0,0.5519444172967402,0.0,0.2776363135589456,0.13272858120174497,0.0,2.4877168978170285e-05,0.007656837223352554,0.0021145593631444744,0.005481861878403952,0.0,0.022412552308690128,0.0,0.0,0.0,0.0,0.0,0.0,0.0,0.0
903,0.0,0.0,0.0,0.0,3.0207990902063918e-05,0.0,0.0,0.0,0.0,0.0008547084484642791,0.0,0.9983225680346148,0.0,0.0007925155260188533,0.0,0.0,0.0,0.0,0.0,0.0
904,7.107762565191509e-05,3.5538812825957547e-06,8.351621014100024e-05,0.0,0.5968317148365658,0.0,0.0,0.26446740646628697,0.006045152061695379,0.07916448251046174,7.1077625651915095e-06,0.0001972404111840644,0.0,0.0,0.046045862837951895,0.003043899318543264,1.7769406412978774e-06,0.0,0.004037209137028777,0.0
905,0.003928815757909607,0.5275399145291552,0.0,0.08350554849715246,0.0037066981777473724,3.5538812825957547e-06,4.7977397315042694e-05,0.38125860705623127,7.1077625651915095e-06,0.0,0.0,1.7769406412978774e-06,0.0,0.0,0.0,0.0,0.0,0.0,0.0,0.0
906,0.0,0.01788135367338054,0.0,3.0207990902063918e-05,0.5798690394747363,0.0,0.01675121942551509,3.5538812825957547e-06,5.330821923893632e-05,0.38530292395582527,0.0,0.0,0.0,0.0,3.1984931543361794e-05,0.0,7.640844757580874e-05,0.0,0.0,0.0
907,0.0,0.0,0.0,0.0,0.0,0.0,0.0,0.0,0.0,0.0,0.42689755048732597,0.0,0.0,0.0,1.7769406412978774e-06,0.5580446545183159,8.884703206489387e-06,0.015047133350510427,0.0,0.0
908,0.0,0.0,0.0,0.0,0.0,0.0,0.0,1.0,0.0,0.0,0.0,0.0,0.0,0.0,0.0,0.0,0.0,0.0,0.0,0.0
909,0.00037315753467255427,0.005744849093316038,0.0,8.884703206489387e-06,0.2399207484473981,0.0,4.264657539114906e-05,0.7529323962933018,0.0009417785398878751,1.9546347054276653e-05,0.0,1.5992465771680897e-05,0.0,0.0,0.0,0.0,0.0,0.0,0.0,0.0
910,8.529315078229812e-05,0.005872788819489485,2.8431050260766038e-05,0.02025179248887191,0.0,0.0,0.0,0.0,0.9737616944905956,0.0,0.0,0.0,0.0,0.0,0.0,0.0,0.0,0.0,0.0,0.0
911,0.0,0.0,0.0,0.0,0.0,0.0,0.0,0.0,0.0,0.0,0.0,0.0,0.0,0.0,1.7769406412978774e-06,0.0,3.5538812825957547e-06,0.9999946691780761,0.0,0.0
912,0.0,0.0,0.0,0.0,0.0,0.0,0.0,0.0,0.0,0.0,0.0,1.0,0.0,0.0,0.0,0.0,0.0,0.0,0.0,0.0
913,0.0009986406404094072,0.22532140413849475,0.0,0.03344735369114995,0.008980658001119473,0.0,1.4215525130383019e-05,0.7276305385018613,0.0015992465771680897,0.0,0.0,0.0020079429246666015,0.0,0.0,0.0,0.0,0.0,0.0,0.0,0.0
914,0.0,0.0077243609677218735,0.0,0.0,1.7769406412978774e-06,0.0,0.0,0.9910442191678587,0.0,0.0,0.0,0.0,0.0012296429237781312,0.0,0.0,0.0,0.0,0.0,0.0,0.0
915,0.0,0.0,0.0,0.0,0.0,0.0,0.0,0.0,0.0,0.0,0.0,0.0,0.0,0.0,0.9921938997627784,0.0078061002372215756,0.0,0.0,0.0,0.0
916,3.5538812825957547e-06,0.2193491066430926,0.0,0.19545103195827743,0.11827672296606932,0.0,0.0,0.21411601645447034,0.2318925306300143,0.009776727408420921,0.0,0.010999262569633862,1.7769406412978774e-06,0.0,0.00013327054809734082,0.0,0.0,0.0,0.0,0.0
917,0.0011283573072241521,0.04186116762769539,0.0,0.002130551828916155,0.24292733201247413,0.0,0.0,0.7106500937336189,0.0001972404111840644,7.285456629321297e-05,0.0,0.0009950867591268114,3.731575346725543e-05,0.0,0.0,0.0,0.0,0.0,0.0,0.0
918,0.0,0.00011372420104306415,0.0,0.0,0.0,0.0,0.0,0.0,0.0003376187218465967,0.0,0.7877017938215773,0.0,0.0,0.0,0.0003784883565964479,0.2114683748989365,0.0,0.0,0.0,0.0
919,0.00018657876733627713,0.10198750810729168,0.06071628477250717,0.0,0.1056497827690066,0.0,0.0,0.04874858955336597,0.0054587616500670795,0.013023197960072144,0.45948486490808776,0.0,1.0661643847787265e-05,5.863904116282996e-05,0.0038932769450836496,6.0415981804127835e-05,0.20069122990946486,0.0,0.0,3.0207990902063918e-05
920,0.0008138388137144279,0.6120298881415867,0.0,0.09361278686485477,0.0643714516716569,0.0,0.01717057741686139,0.21064209750073298,0.00040691940685721393,0.0007711922383232788,0.0,0.0001812479454123835,0.0,0.0,0.0,0.0,0.0,0.0,0.0,0.0
921,0.00018657876733627713,0.18813181345677146,0.0,0.0006770143843344913,0.3759189004291312,0.0,0.07913249757891838,0.007742130374134852,0.0764386555667108,0.16018764493172105,0.0,5.330821923893632e-06,0.0,0.0,0.11157943368901761,0.0,0.0,0.0,0.0,0.0
922,0.0,0.0,0.00021500981759704318,0.0,0.0,0.0,0.0,1.7769406412978774e-06,0.0,0.0,0.14501434879567848,0.0,0.0,0.0,0.8545787317974644,3.1984931543361794e-05,0.0,0.00013682442937993657,0.0,2.132328769557453e-05
923,0.24136362424813199,0.07804500990644407,0.0,0.0,0.3194139649765,0.0,0.22387497445647828,0.08637530763284852,0.0004193579913462991,0.05025898909846917,0.0,0.0,0.0,0.0,0.00024877168978170285,0.0,0.0,0.0,0.0,0.0
924,0.40918678311551004,0.008971773297912983,0.0,0.0,0.14135740495588744,0.0,0.3662043659431557,0.07295585190976696,0.0,5.50851598802342e-05,0.0,0.0012687356178866845,0.0,0.0,0.0,0.0,0.0,0.0,0.0,0.0
925,0.0,0.0,0.0,0.9458210798468277,0.0,0.0,1.7769406412978774e-06,0.0,0.0,0.0,0.0,0.05417714321253098,0.0,0.0,0.0,0.0,0.0,0.0,0.0,0.0
926,0.06307606194415076,0.005263298179524313,0.0,0.2920579638037191,0.4124918927083241,0.22099810755821703,7.1077625651915095e-06,0.005471200234556164,1.0661643847787265e-05,0.0005863904116282996,0.0,3.731575346725543e-05,0.0,0.0,0.0,0.0,0.0,0.0,0.0,0.0
927,0.9798423853651169,0.010324025125940668,0.0,0.0040727479498547355,2.3100228336872406e-05,0.0,8.884703206489387e-06,0.0055778166730340376,1.7769406412978774e-06,0.0,0.0,0.00014926301386902172,0.0,0.0,0.0,0.0,0.0,0.0,0.0,0.0
928,0.0,0.0,0.0,0.0,4.086963474985118e-05,0.0,0.0,1.7769406412978774e-06,0.0,7.1077625651915095e-06,0.7863530958748323,0.0,0.0,0.0,0.05822856787469015,0.1553685819125212,0.0,0.0,0.0,0.0
929,0.0,0.0,0.0,0.0,0.0,0.0,0.00010661643847787265,0.0,0.0,0.0,0.08037635602782689,0.0,0.0,0.0,0.914116904924791,0.0,0.0,0.005400122608904249,0.0,0.0
930,0.325540856307695,0.004206018497952076,0.0,0.0,0.2605154904800405,0.0,0.0,0.39769708492887795,0.011706484944870416,2.132328769557453e-05,0.0,0.0,0.00031096461222712853,0.0,1.7769406412978774e-06,0.0,0.0,0.0,0.0,0.0
931,3.5538812825957547e-05,0.0005188666672589803,0.0,0.0,0.06872140236155411,0.9280889891873162,2.132328769557453e-05,1.7769406412978774e-06,0.0,0.00013327054809734082,0.0020719127877533252,8.884703206489387e-06,0.0,0.0,0.0,0.00039803470365072457,0.0,0.0,0.0,0.0
932,0.0,0.0,0.0,0.0,0.0,0.0,0.0,0.0,0.0,0.0,0.0,0.0,0.0,0.0,0.9876182776114364,0.01238172238856361,0.0,0.0,0.0,0.0
933,0.0,0.0,0.0,0.0,1.0661643847787265e-05,0.0,7.463150693451086e-05,8.884703206489387e-06,0.9964070260232957,0.0025872255737297094,0.0001190550229669578,0.00044601210096576724,0.0,0.0,0.0,0.0003465034250530861,0.0,0.0,0.0,0.0
934,0.0007818538821710661,0.26825762085417537,0.0,0.25575328956136223,0.04741410713175127,0.0,1.4215525130383019e-05,0.35239931410091246,0.013206222846125826,7.1077625651915095e-06,0.0,0.06216626833580624,0.0,0.0,0.0,0.0,0.0,0.0,0.0,0.0
935,0.0,3.5538812825957547e-06,1.7769406412978774e-06,0.0,0.0,0.0,0.0,0.0,0.0,0.0,0.9952555684877347,9.240091334748962e-05,0.0,0.0,0.00464669977699395,0.0,0.0,0.0,0.0,0.0
936,0.0,0.38691283217684114,0.0,0.00975362718008405,0.0,0.0,0.0,3.5538812825957547e-06,0.032935594786456156,0.0,0.009156575124607963,0.29319165193286717,0.0,0.0018657876733627714,0.006098460280934316,0.23062734889341022,0.02828889500946221,0.0011656730606914075,0.0,0.0
937,7.1077625651915095e-06,0.1546133821399696,0.0,0.1786376196103169,0.04868995051220314,0.0,0.0004513429228896609,0.00885804909686992,0.36252787575631035,0.061508800298526026,0.0,0.18466500226559932,0.0,0.0,4.086963474985118e-05,0.0,0.0,0.0,0.0,0.0
938,0.007388519186516574,0.15342460885094134,0.0,0.0044636748909402685,0.17294785567688112,0.0,0.10182758344957486,0.10801844464385667,0.003218039501390456,0.15877853100317185,0.0,0.0006787913249757892,0.0,0.0017094168969285582,0.0,0.0,0.0010821568505504074,0.003552104341954457,0.28291027338231767,0.0
939,0.00017058630156459623,0.008364059598589109,0.0008671470329533642,0.0020683589064707294,0.0,0.0,0.8284274963794834,0.003921707995344415,0.00021856369887963894,0.0,0.026298721491208585,0.0004868817357156184,0.0,0.11044752250051088,0.0,0.012738887457464484,0.005803488134478868,0.00018302488605368138,3.5538812825957547e-06,0.0
940,1.7769406412978774e-06,0.0,0.0,1.5992465771680897e-05,2.4877168978170285e-05,0.0,0.0,0.011958810515934715,1.7769406412978774e-06,0.0,0.0,3.5538812825957547e-06,0.0,1.7769406412978774e-06,0.0,0.0,0.15389372118024397,0.0006254831057368529,0.8334722308601281,0.0
941,0.0021483212353291337,0.04316544205840804,0.0,0.2816557532895614,0.0029052979485220294,0.0,4.975433795634057e-05,0.05313585599673043,0.02040283244338223,0.0011923271703108758,0.0,0.5952715609535063,7.285456629321297e-05,0.0,0.0,0.0,0.0,0.0,0.0,0.0
942,0.00449565982248363,0.0005170897266176823,0.041546649134185674,0.002057697262622942,0.008056648867644576,0.0,0.0,0.35942533739660426,0.028317326059722973,0.008586177178751344,0.0,2.4877168978170285e-05,0.0,0.0,0.5469725373823887,0.0,0.0,0.0,0.0,0.0
943,0.0,0.0,0.0,0.0,0.0,0.0,0.0,0.0,0.0,0.0,0.09121391699910264,0.0,0.0,0.0,0.4026280952084796,0.5054347729514096,0.0,0.0,0.0,0.0007232148410082362
944,0.08001563707764342,0.023228168063045854,0.06517818272280615,0.09156219736479702,0.39000293195205815,0.0,0.034812044103666714,0.022245519888408127,0.18525139267722762,0.014130231979600722,0.0,0.04945758886924382,0.0,0.0,0.044114328360861106,1.7769406412978774e-06,0.0,0.0,0.0,0.0
945,0.21918029728216928,0.1024672820804421,0.0,0.009126367133705899,0.34764244400415806,0.0,0.019217613035636544,0.19870105639121124,0.001103480138245982,0.04853535667641022,0.0,0.05005464092471991,0.003971462333300756,0.0,0.0,0.0,0.0,0.0,0.0,0.0
946,0.0,0.0,0.0,0.0,0.0,0.0,0.0,0.0,0.0,0.0,0.0,0.0,0.0,0.0,1.0,0.0,0.0,0.0,0.0,0.0
947,0.0,9.773173527138326e-05,0.0,0.0011674500013327054,0.0,0.0,0.0,5.153127859763845e-05,0.0,5.330821923893632e-06,0.0030616687249562426,0.0026298721491208586,0.0,5.330821923893632e-06,0.9533730775723437,0.03960800689452969,0.0,0.0,0.0,0.0
948,0.000666352740486704,0.2370172274395174,0.0,0.2310609224098869,0.03200447789041607,0.0,0.0,0.38030261299121304,0.00014926301386902172,0.00031096461222712853,0.0,0.11848817890238376,0.0,0.0,0.0,0.0,0.0,0.0,0.0,0.0
949,0.9999768997716632,0.0,0.0,1.9546347054276653e-05,0.0,0.0,0.0,1.7769406412978774e-06,1.7769406412978774e-06,0.0,0.0,0.0,0.0,0.0,0.0,0.0,0.0,0.0,0.0,0.0
950,0.0,0.0,0.0,0.0,1.4215525130383019e-05,0.0,0.0,0.0,0.0,0.10165699714801027,0.0,0.0,0.0,3.9092694108553306e-05,0.8982896946327508,0.0,0.0,0.0,0.0,0.0
951,0.0016472239744831324,0.37979085408651925,0.0,0.0009986406404094072,0.5666948015601538,0.0,0.0027062805966966675,0.04114150666796976,0.002782689044272476,4.4423516032446935e-05,0.0,0.003912823292137926,1.7769406412978774e-06,0.0,0.0002789796806837668,0.0,0.0,0.0,0.0,0.0
952,1.5992465771680897e-05,0.6914360345792648,0.0,1.4215525130383019e-05,0.2699990226826473,0.0,0.0,0.00041402716942240544,0.03743303154958109,0.00011727808232565992,0.0,0.0005544054800849377,0.0,0.0,1.5992465771680897e-05,0.0,0.0,0.0,0.0,0.0
953,0.0,0.0,0.0,0.00014926301386902172,0.4770072765719261,0.0,0.5204339289046049,0.0,0.0,7.1077625651915095e-06,0.0,0.0024024237470347304,0.0,0.0,0.0,0.0,0.0,0.0,0.0,0.0
954,0.0,0.0,0.0,0.0,0.0,0.0,0.0,0.0,0.0,0.0,0.0,0.0,0.0,5.330821923893632e-06,0.0,0.0,0.8353060336019476,0.1646886355761286,0.0,0.0
955,0.0,0.0,0.0,0.0,0.0,0.0,0.0,0.0,0.0,0.0,0.0,0.0,1.0,0.0,0.0,0.0,0.0,0.0,0.0,0.0
956,0.0,0.0,0.0,0.0,0.0,0.0,0.0,1.0,0.0,0.0,0.0,0.0,0.0,0.0,0.0,0.0,0.0,0.0,0.0,0.0
957,0.3701011967695219,0.0,0.0,0.024214370118966176,0.00015103995451031958,0.530921432569545,0.00023277922401002195,4.975433795634057e-05,0.0,0.0426110365783231,0.004500990644407524,0.0,0.0,0.0,0.0,0.027217399802759588,0.0,0.0,0.0,0.0
958,1.0,0.0,0.0,0.0,0.0,0.0,0.0,0.0,0.0,0.0,0.0,0.0,0.0,0.0,0.0,0.0,0.0,0.0,0.0,0.0
959,0.08400486881735715,0.0,0.0,0.0,0.0,0.0,0.0,0.9159489307259691,0.0,0.0,0.0,4.620045667374481e-05,0.0,0.0,0.0,0.0,0.0,0.0,0.0,0.0
960,0.0,0.0,0.0,0.9262871713770402,0.006622657770117189,0.0,0.0,0.0,0.0,3.5538812825957547e-06,1.7769406412978774e-06,0.06708484003091876,0.0,0.0,0.0,0.0,0.0,0.0,0.0,0.0
961,0.0,0.0,0.0,0.0,0.0,0.0,0.0,0.0,0.0,0.0,0.0,0.0,0.0,0.0,0.01586452604550745,0.9841354739544925,0.0,0.0,0.0,0.0
962,0.0039803470365072455,0.16600534859133032,0.0,0.22338098495819747,0.32600641475571507,0.0,1.7769406412978774e-06,0.21092107718141676,0.014418096363490977,3.5538812825957547e-06,0.0,0.05528240029141827,0.0,0.0,0.0,0.0,0.0,0.0,0.0,0.0
963,0.0,0.8598242605705756,0.0,0.13356018942187237,0.0016738780841026005,0.0,0.0012580739740388972,0.003678267127486606,5.330821923893632e-06,0.0,0.0,0.0,0.0,0.0,0.0,0.0,0.0,0.0,0.0,0.0
964,0.0,0.0,0.0,0.0,0.0,0.0,0.0,0.0,0.0,0.0,0.0,0.0,0.0,0.0,0.0,1.0,0.0,0.0,0.0,0.0
965,0.0,0.37291942462662037,0.0,0.0,0.0,0.0,0.0,0.0,0.0,0.0,0.0,0.0,0.0,0.0,0.6270805753733797,0.0,0.0,0.0,0.0,0.0
966,0.014967171021652022,0.0031682851634341155,0.0,0.09373717270974563,0.030128028573205512,0.0,0.0,0.8554529865929829,0.0,0.0,0.0,0.0025463559389798584,0.0,0.0,0.0,0.0,0.0,0.0,0.0,0.0
967,0.0032269242045969452,0.0,0.0,0.0,0.04901513064956065,0.0,0.9443071264204419,3.5538812825957547e-05,0.0,1.7769406412978773e-05,0.0,0.003397510506161542,0.0,0.0,0.0,0.0,0.0,0.0,0.0,0.0
968,0.0,0.0,4.086963474985118e-05,0.0,0.008108180146242214,0.0,0.0,0.0,1.7769406412978774e-06,0.0,0.0,0.0,0.0,3.9092694108553306e-05,0.31254964327916623,0.0,0.4244613648681066,0.25479907243698524,0.0,0.0
969,8.529315078229812e-05,0.03203646282195943,0.0,0.3759704317077288,0.04773395644718488,0.41157854521869697,0.0,0.0003074107309445328,0.0,0.0,0.0,0.010688297957406733,0.12159960196529634,0.0,0.0,0.0,0.0,0.0,0.0,0.0
970,5.330821923893632e-06,0.17022380567377146,0.0,0.07624141515552672,0.27771627588780395,0.46674544436843085,1.7769406412978774e-06,0.008513322612458131,0.0,0.0005526285394436399,0.0,0.0,0.0,0.0,0.0,0.0,0.0,0.0,0.0,0.0
971,2.665410961946816e-05,0.885799578865068,0.0,0.0016934244311568771,0.019793341803417058,5.330821923893632e-06,1.7769406412978774e-06,0.0926781160875321,0.0,0.0,1.7769406412978774e-06,0.0,0.0,0.0,0.0,0.0,0.0,0.0,0.0,0.0
972,2.8431050260766038e-05,0.6661146304407701,0.0,0.0,0.008252112338187343,0.0,0.3147583804962995,0.006962053432605084,0.0016152390429397705,7.463150693451086e-05,0.0017858253445043669,0.0,0.0,0.0,1.0661643847787265e-05,0.00039803470365072457,0.0,0.0,0.0,0.0
973,0.0,0.0,0.0,0.0,0.0,0.0,0.0,1.0,0.0,0.0,0.0,0.0,0.0,0.0,0.0,0.0,0.0,0.0,0.0,0.0
974,0.00026654109619468164,0.187019448615319,0.0,0.0004175810507050012,0.3523691061100104,0.0,8.7070091423596e-05,0.3648272369461498,0.0,0.09486375307632848,0.0,0.00014926301386902172,0.0,0.0,0.0,0.0,0.0,0.0,0.0,0.0
975,0.0,0.014179986317557063,0.0,0.0,0.9594377759810934,0.0,0.00011727808232565992,0.007239256172647553,7.1077625651915095e-06,1.4215525130383019e-05,0.018991941574191713,0.0,0.0,0.0,5.330821923893632e-06,7.1077625651915095e-06,0.0,0.0,0.0,0.0
976,0.0,0.690010928184944,0.0,0.0007640844757580873,0.0,0.0,0.0,1.2438584489085143e-05,0.20050998196405248,0.0,0.0,0.0,0.0,0.10499231473172639,0.0,0.0,0.0037102520590299682,0.0,0.0,0.0
977,0.0,0.0,0.0,0.0,0.0,0.0,0.0,0.0,0.0,0.0,0.035066146615372315,0.0,0.0,0.0,0.8981191083311862,0.0668147450534415,0.0,0.0,0.0,0.0
978,0.0,0.22334722308601282,0.00039625776300942665,4.086963474985118e-05,0.2719927500821835,0.0,0.0029674908709674554,3.5538812825957547e-05,0.30363295514113353,0.1265874743454195,0.0,0.043622115803221596,0.0,0.0,0.027377324460476398,0.0,0.0,0.0,0.0,0.0
979,0.0,0.0,0.0,0.0,0.9635940401410891,0.0,0.0,0.0,0.0,1.7769406412978774e-06,0.0,0.0,0.0,0.0,0.03640418291826961,0.0,0.0,0.0,0.0,0.0
980,0.0,0.0,0.0,0.0,0.0,0.0,0.0,0.0,0.0,0.0,0.0,0.0,0.0,0.0,1.0,0.0,0.0,0.0,0.0,0.0
981,0.0,0.0,0.0,0.0,0.0,0.0,0.0,0.0,0.0,0.0,0.0,0.0,0.0,0.0,1.7769406412978773e-05,0.999982230593587,0.0,0.0,0.0,0.0
982,7.1077625651915095e-06,0.05234511741135287,0.0,0.7247376791378284,0.198663740637744,0.0,0.012546977868204313,0.009195667818716516,1.7769406412978774e-06,0.0023135767149698363,1.7769406412978774e-06,0.000174140182847192,0.0,0.0,1.2438584489085143e-05,0.0,0.0,0.0,0.0,0.0
983,0.0,0.0,0.0,0.0,0.0,0.0,0.0,0.0,0.0,0.0,0.0,0.0,1.0,0.0,0.0,0.0,0.0,0.0,0.0,0.0
984,0.0,0.0,0.0,0.0,0.0,0.0,0.0,0.0,0.0,1.0,0.0,0.0,0.0,0.0,0.0,0.0,0.0,0.0,0.0,0.0
985,0.0,0.0,0.0,0.0,0.0,0.0,3.0207990902063918e-05,0.0,0.0,0.0,1.4215525130383019e-05,0.0,0.0,0.0,0.9999537995433263,1.7769406412978774e-06,0.0,0.0,0.0,0.0
986,0.0014677529697120467,0.05354277540358764,0.0,0.00019190958926017078,0.14807068669871082,0.0,0.0,0.7927909518182545,0.001579700230113813,0.0,0.0,0.002350892468437092,5.330821923893632e-06,0.0,0.0,0.0,0.0,0.0,0.0,0.0
987,0.02702371327285812,0.00035894200954217126,0.0,0.08592218776931757,0.00028075662132506465,0.0,0.0,0.8864144003269571,0.0,0.0,0.0,0.0,0.0,0.0,0.0,0.0,0.0,0.0,0.0,0.0
988,0.0,0.0,5.330821923893632e-06,0.0,0.0,0.0,0.0,1.9546347054276653e-05,0.0,0.0,0.0,0.0,0.0,0.0,0.46291969116771653,0.5370554316633053,0.0,0.0,0.0,0.0
989,0.0,0.43210043268504617,0.0,0.0,0.29463985855552494,0.0,0.0003074107309445328,1.7769406412978773e-05,0.25939779481666414,0.01337680914769042,0.0,5.153127859763845e-05,9.773173527138326e-05,0.0,0.0,1.0661643847787265e-05,0.0,0.0,0.0,0.0
990,0.001304274430712642,0.1595799312323972,0.0,0.13017511750019992,0.1989818130125363,0.0,0.005456984709425782,0.5001679208906027,0.0002221175801622347,0.0003393956624878946,0.0,0.003772444981475394,0.0,0.0,0.0,0.0,0.0,0.0,0.0,0.0
991,0.0,0.0,0.0,0.0,0.0,0.0,0.0,0.00014570913258642594,0.0,0.0,0.0,0.0,0.0,0.0,0.0,0.0,0.004747985393547928,0.9951063054738657,0.0,0.0
992,0.0,0.0,0.0,0.0,0.0,0.0,0.0002221175801622347,0.0,0.0,0.0,0.9997778824198378,0.0,0.0,0.0,0.0,0.0,0.0,0.0,0.0,0.0
993,0.00022567146144483044,0.23062379501212762,0.0,0.3459472426323599,0.09238492088171794,0.0,0.0002967490870967455,0.3072454754648921,2.8431050260766038e-05,2.8431050260766038e-05,0.0,0.023219283359839363,0.0,0.0,0.0,0.0,0.0,0.0,0.0,0.0
994,0.02935861327552353,0.5090686165628637,0.0,0.06824162838840368,0.09900047088926994,0.0,0.05109948202180306,0.16770232690376977,0.0231073360994376,0.04308903361083223,0.0,0.007656837223352554,0.0005277513704654696,4.7977397315042694e-05,0.0,0.0,0.0,3.5538812825957547e-06,0.0010963723756807905,0.0
995,8.884703206489387e-06,0.0005668440645740229,0.025204126056169094,0.0,0.004678684708537311,0.0,1.4215525130383019e-05,0.0011141417820937692,0.08603058114843673,0.11206453848409194,0.0,0.0,0.0,0.0,0.3887803967908452,0.0,0.38153758673691507,0.0,0.0,0.0
996,1.7769406412978774e-06,0.7835330910770926,4.620045667374481e-05,0.0,0.09172567590379643,0.0,0.010503496130711753,0.0033921796842376483,0.06444075235666752,0.0020239353904382825,0.04368430872566702,1.5992465771680897e-05,0.0,0.0,1.2438584489085143e-05,0.0006201522838129593,0.0,0.0,0.0,0.0
997,2.8431050260766038e-05,0.16142972643998826,0.0,1.0661643847787265e-05,0.40851332261245815,0.0,0.010734498414080477,0.4182474034454879,9.950867591268114e-05,0.0009328938366813857,0.0,1.7769406412978774e-06,0.0,0.0,0.0,1.7769406412978774e-06,0.0,0.0,0.0,0.0
998,0.0,0.01646690892290743,0.003557435163878351,3.1984931543361794e-05,0.07836841310316028,0.0,3.1984931543361794e-05,0.03158511989906977,0.046188018089255725,0.4206782582427834,0.0,0.00040514246621591607,0.0,0.00047088926994393753,0.2771831936954146,0.0,1.7769406412978773e-05,0.12501488187787088,0.0,0.0
999,0.30484660559913995,0.0,0.0,0.001000417581050705,0.0,0.0,0.0,0.5520154949223921,0.012479454123834994,0.0,0.0,0.12906275265874745,0.000595275114834789,0.0,0.0,0.0,0.0,0.0,0.0,0.0
1000,0.0,0.19099979565182626,0.0,0.00017769406412978774,0.4973656854992759,0.0,7.1077625651915095e-06,0.31122582250139935,6.0415981804127835e-05,0.00011727808232565992,0.0,0.0,4.620045667374481e-05,0.0,0.0,0.0,0.0,0.0,0.0,0.0
1001,1.7769406412978774e-06,0.852638312617167,0.0,2.4877168978170285e-05,0.06457579984540616,0.0,0.03689284159462653,0.02825513313727755,0.012651817366040888,0.00495588744857978,0.0,3.5538812825957547e-06,0.0,0.0,0.0,0.0,0.0,0.0,0.0,0.0
1002,0.0,0.0,0.0,0.0,0.0,0.0,5.330821923893632e-06,0.0,0.0,0.0,0.028779330626460424,0.0,0.0,0.0,0.0,0.9712153385516157,0.0,0.0,0.0,0.0
1003,0.154544081454959,0.04749762334189227,0.0,0.05434772951409558,0.24106865210167655,0.0,0.013243538599593081,0.3460058816735227,0.03668493953959468,0.02965180848133768,0.0,0.07666077314687303,0.00029497214645544766,0.0,0.0,0.0,0.0,0.0,0.0,0.0
1004,0.0,0.19486108766536653,0.0,2.3100228336872406e-05,0.31008147272840353,0.0,0.0,0.49444617202562346,5.330821923893632e-06,0.0005828365303457038,0.0,0.0,0.0,0.0,0.0,0.0,0.0,0.0,0.0,0.0
1005,0.9365685499275896,0.05652448179968548,0.0,1.7769406412978774e-06,0.003205600916901371,0.0,0.0013078283119952378,0.0004868817357156184,0.0014126678098318125,0.0,0.0,0.0002683180368359795,0.0,0.0002203406395209368,0.0,0.0,3.5538812825957547e-06,0.0,0.0,0.0
1006,0.0,0.0,0.0,0.0,0.0,0.0,0.0,1.0,0.0,0.0,0.0,0.0,0.0,0.0,0.0,0.0,0.0,0.0,0.0,0.0
1007,0.0,0.2873259708759429,0.0,0.30752800902685845,0.14781836112764654,0.0,3.5538812825957547e-06,0.2518440201505069,0.0006219292244542571,0.0016792089060264942,0.0,0.0031522926976624344,0.0,0.0,2.665410961946816e-05,0.0,0.0,0.0,0.0,0.0
1008,0.0,0.5750641919806669,0.0,0.0,0.16169626753618296,0.0,0.0005455207768784484,0.0014677529697120467,0.0002914182651728519,0.20719660959725641,0.0,0.0,0.0,1.2438584489085143e-05,0.0536636073671959,0.0,6.0415981804127835e-05,1.7769406412978774e-06,0.0,0.0
1009,0.0,0.0,0.0,0.0,0.0,0.0,0.0,1.0,0.0,0.0,0.0,0.0,0.0,0.0,0.0,0.0,0.0,0.0,0.0,0.0
1010,1.4215525130383019e-05,0.0,0.0,0.0,0.0,0.0,0.0,0.9999857844748696,0.0,0.0,0.0,0.0,0.0,0.0,0.0,0.0,0.0,0.0,0.0,0.0
1011,0.0007427611880625128,0.4880562934795163,0.0,0.04234627242276972,0.1582383410482173,0.0,0.0008724778548772578,0.008938011425728323,0.004038986077670076,0.296656686183398,0.0,2.132328769557453e-05,0.0,7.996232885840449e-05,8.884703206489387e-06,0.0,0.0,0.0,0.0,0.0
1012,0.0,0.0,0.00019368652990146864,0.0,0.6512789530265741,0.0,0.0,0.0,7.1077625651915095e-06,0.009556386768899985,1.7769406412978774e-06,0.0,0.0,0.0,0.3357333878261797,0.0032287011452382434,0.0,0.0,0.0,0.0
1013,0.0,0.0,0.40337796415910726,0.0,0.0,0.0,0.007706591561308895,0.0,0.0,0.0,0.5888372588913667,0.0,0.0,0.0,6.930068501061722e-05,7.1077625651915095e-06,0.0,1.7769406412978774e-06,0.0,0.0
1014,1.7769406412978774e-06,0.00021500981759704318,0.0,5.330821923893632e-06,0.5163043188542287,0.0,1.7769406412978774e-06,3.5538812825957547e-06,2.4877168978170285e-05,0.48323723046031647,0.0,7.640844757580874e-05,0.0,0.0,0.00012971666681474507,0.0,0.0,0.0,0.0,0.0
1015,4.975433795634057e-05,0.5783924018018178,0.0,0.00322337032331435,0.3374659049514451,0.0,0.05881851216760104,0.0,0.00012083196360825567,0.020751112809076613,4.620045667374481e-05,0.0011212495446589607,0.0,0.0,1.0661643847787265e-05,0.0,0.0,0.0,0.0,0.0
1016,0.0,0.0,0.0,0.0,0.0,0.0,0.0,0.0,0.0,0.0,0.0,0.0,0.0,0.0,0.0,0.0,0.0,0.0,0.0,1.0
1017,0.0,0.0,0.0,0.0,0.0,0.0,0.0,0.0,0.0,0.0,1.0,0.0,0.0,0.0,0.0,0.0,0.0,0.0,0.0,0.0
1018,0.0,1.7769406412978774e-06,7.1077625651915095e-06,0.0,0.0,0.0,0.0,0.0,4.264657539114906e-05,0.0,0.0,0.0,0.002722273062468348,0.0,0.997059163238652,0.0,0.0,0.00016703242028200048,0.0,0.0
1019,0.04374827858875374,0.0,0.0,0.37120467690776787,0.0,0.0,0.0,0.0,0.0,0.0,0.0,0.00020079429246666015,0.5848462502110117,0.0,0.0,0.0,0.0,0.0,0.0,0.0
1020,0.0,0.0,0.0,0.0,0.0,0.0,1.7769406412978774e-06,0.0,0.9415084449103978,0.0,0.05317672563148028,0.0,0.0,0.0,0.0,0.005313052517480653,0.0,0.0,0.0,0.0
1021,0.9636260250726324,0.0,0.0,0.0,0.0,0.0,0.036373974927367554,0.0,0.0,0.0,0.0,0.0,0.0,0.0,0.0,0.0,0.0,0.0,0.0,0.0
1022,0.07381233729887253,0.0,0.0,1.7769406412978774e-06,0.7908221015876965,0.0,0.13396177800680567,0.0007942924666601512,2.4877168978170285e-05,0.0005828365303457038,0.0,0.0,0.0,0.0,0.0,0.0,0.0,0.0,0.0,0.0
1023,0.0,0.4896750864037387,0.0,0.0,0.26628166286105215,0.0,0.1901077714498947,3.5538812825957547e-06,0.00031096461222712853,0.02646220003020799,0.01713503860403543,0.0,0.0,0.0,0.0,0.010023722157561327,0.0,0.0,0.0,0.0
1024,1.2438584489085143e-05,0.141312981439855,0.0,0.0,0.02965358542197898,0.8287100299414498,0.0,0.00030918767158583067,0.0,0.0,1.7769406412978774e-06,0.0,0.0,0.0,0.0,0.0,0.0,0.0,0.0,0.0
1025,0.0,0.0,0.0,0.012511439055378356,0.0,0.0,0.0,0.0,0.0,0.0,0.0,0.00995442147255071,0.9775341394720709,0.0,0.0,0.0,0.0,0.0,0.0,0.0
1026,0.0,1.9546347054276653e-05,0.0,0.0,0.0009968636997681093,0.0,0.0,0.0,0.0,0.006078913933880038,0.0,0.0,0.0,0.0,0.15330022300605048,0.0,0.018830239975833607,0.8207742130374135,0.0,0.0
1027,0.0,0.0,0.0,0.0,0.0,0.0,0.0,0.0,0.0,0.0,0.0,0.0,0.0,0.0,0.0,0.0,0.0,0.0,0.0,1.0
1028,0.0,0.0,0.0,0.0,0.0,0.0,0.0,0.0,0.0,0.0,0.0,0.0,1.0,0.0,0.0,0.0,0.0,0.0,0.0,0.0
1029,0.078951249633506,0.29390242818938633,0.0,0.0006041598180412783,0.36440610201416224,0.25956305029630483,0.0003465034250530861,0.0008884703206489388,2.665410961946816e-05,0.00036604977210736276,0.0,0.0009453324211704708,0.0,0.0,0.0,0.0,0.0,0.0,0.0,0.0
1030,0.0,0.0,0.0,0.0,0.0,0.0,0.0,0.0,0.0,0.0,0.0,0.0,1.0,0.0,0.0,0.0,0.0,0.0,0.0,0.0
1031,0.0,0.0,0.0,0.0,8.351621014100024e-05,0.0,0.0,0.0,0.0,0.0,0.0,0.0,0.0,0.0,0.9998916066208808,0.0,2.4877168978170285e-05,0.0,0.0,0.0
1032,0.0,0.0,0.0,0.0,0.0,0.0,0.0,0.0,0.0,0.0,0.0,0.0,0.0,1.0,0.0,0.0,0.0,0.0,0.0,0.0
1033,0.0,0.0,0.0,0.0,0.0,0.0,0.0,0.0,0.0,0.0,0.0,0.0,0.0,0.0,1.0,0.0,0.0,0.0,0.0,0.0
1034,0.0,0.0,1.7769406412978774e-06,0.0,0.0,0.0,3.5538812825957547e-06,0.0,0.0,0.0,0.0,0.0,0.0,0.0,0.0,0.0,0.0,0.9999946691780761,0.0,0.0
1035,0.9998418522829244,0.0,0.0,0.0,0.0,0.0,0.0,0.0001581477170755111,0.0,0.0,0.0,0.0,0.0,0.0,0.0,0.0,0.0,0.0,0.0,0.0
1036,0.0,0.0,0.0,0.0,0.0,0.0,0.0,0.0,0.0,0.0,0.0,0.0,0.0,0.0,0.9138094941938465,7.1077625651915095e-06,0.001348697946745089,0.08483470009684327,0.0,0.0
1037,0.0,0.0,0.0,0.0,0.0,0.9314847227528364,0.0,0.007111316446474105,0.0,0.0,0.051566817410464406,0.0,0.0,0.0,0.0029035210078807317,0.006933622382344318,0.0,0.0,0.0,0.0
1038,0.0,0.0015494922392117491,0.0,0.0,0.0,0.0,0.0,0.0,0.021412134727639424,0.0,0.17769761801107034,0.0,0.0,0.0,0.7985642319618314,0.0007765230602471725,0.0,0.0,0.0,0.0
1039,0.27790285465514025,3.5538812825957547e-06,0.0,0.00011194726040176628,0.0,0.024893161443941964,0.13467255426332483,0.4238643128126305,0.0,0.001958188586710261,0.07544001492630138,0.020214476735404652,2.665410961946816e-05,0.00040514246621591607,0.006640427176530168,0.00011372420104306415,0.02783577514593125,0.0,0.005917212335521932,0.0
1040,0.0,0.0,0.0,0.0,0.0,0.0,0.0005899442929108953,0.9939175321848374,0.0,0.0,0.0010075253436158966,0.0,0.0,0.0,9.062397270619175e-05,0.00012083196360825567,0.0,0.0,0.0,0.0042735422423213956
1041,0.0,0.0,0.0,0.0,0.0004335735164766821,0.9995539878990343,0.0,0.0,0.0,1.0661643847787265e-05,0.0,0.0,0.0,0.0,1.7769406412978774e-06,0.0,0.0,0.0,0.0,0.0
1042,0.0,0.0,4.975433795634057e-05,0.0,0.00027720274004246887,0.0,0.0,0.0,3.5538812825957547e-06,0.001723632422058941,0.0,0.00020790205503185165,0.0026067719207839863,8.884703206489387e-05,0.6739864774817197,0.0,0.3210558581290592,0.0,0.0,0.0
1043,0.0,0.0,0.0,0.0,0.0,0.0,0.0,0.0,0.0,0.0,0.0,0.0,1.0,0.0,0.0,0.0,0.0,0.0,0.0,0.0
1044,0.0,0.0,0.0,0.0,0.0,0.0,0.00044245821968317146,0.0003376187218465967,0.0,0.0,0.6729469672065604,0.0,0.0,0.0,0.05613710873988254,0.2701358471120272,0.0,0.0,0.0,0.0
1045,0.0,0.0,0.0,0.0,0.0,0.0,0.0,0.009014419873304133,0.0,0.0,0.9898696614039608,0.0,0.0,0.0,2.8431050260766038e-05,0.0010857107318330032,0.0,0.0,0.0,1.7769406412978774e-06
1046,0.0,0.0,0.0,0.0,0.0,0.0,0.0,0.0,0.0,0.0,0.0,0.0,0.0,0.0,0.01800751645891269,0.0,0.0,0.9819924835410873,0.0,0.0
1047,0.0,0.0,0.0,0.0,0.0,0.0,0.0,8.884703206489387e-06,0.0,0.0,1.7769406412978774e-06,0.0,0.0,0.0,0.9999893383561522,0.0,0.0,0.0,0.0,0.0
1048,0.0,0.0,0.0,0.007354757314331915,0.0,0.0,0.0,0.0,0.0,0.0,0.0,0.9201354028768669,0.0,0.06733538866134177,0.0,0.0,0.0,0.0,0.0,0.005174451147459419
1049,0.0,0.0,0.0,0.0,0.0,0.0,0.0,0.0,0.0,0.0,1.0,0.0,0.0,0.0,0.0,0.0,0.0,0.0,0.0,0.0
1050,0.0,0.0,0.0,0.0,0.0,0.0,0.24598011603422387,0.0,0.0,0.0,0.0,0.7540198839657761,0.0,0.0,0.0,0.0,0.0,0.0,0.0,0.0
1051,0.0,0.0,0.0,0.0,0.0,0.0,0.0,0.008156157543557257,0.0,0.0,0.4510657201496184,0.0,0.0,0.0,0.45671994527022824,0.003818645438149139,0.06900926674544437,0.011224934031078692,5.330821923893632e-06,0.0
1052,0.0,1.7769406412978774e-06,0.0,0.0,0.00014748607322772383,0.0,0.0,0.0,1.0661643847787265e-05,4.7977397315042694e-05,0.9698293248514034,0.0,0.0,0.0,7.1077625651915095e-06,0.02995566533099962,0.0,0.0,0.0,0.0
1053,0.0,0.0,0.0,0.0,0.0,1.0,0.0,0.0,0.0,0.0,0.0,0.0,0.0,0.0,0.0,0.0,0.0,0.0,0.0,0.0
1054,0.07072046058301422,0.0003607189501834691,0.0,1.7769406412978773e-05,0.11213383916910255,0.0,3.376187218465967e-05,0.816726342256537,0.0,7.1077625651915095e-06,0.0,0.0,0.0,0.0,0.0,0.0,0.0,0.0,0.0,0.0
1055,9.062397270619175e-05,3.5538812825957547e-06,0.0,0.17688733307863852,0.0,0.0,0.0,3.0207990902063918e-05,3.5538812825957547e-06,5.330821923893632e-06,0.0,0.8229793963732641,0.0,0.0,0.0,0.0,0.0,0.0,0.0,0.0
1056,0.0,1.7769406412978774e-06,0.0,0.0,0.0,0.0031682851634341155,0.0,0.0,0.0,0.0,0.0,0.0,0.0,0.0,0.0,0.0,7.818538821710661e-05,0.9967517525077075,0.0,0.0
1057,0.0,8.529315078229812e-05,0.0,0.0,0.7492985526818476,0.0,0.006030936536564996,1.7769406412978774e-06,0.014217302071024318,0.0015974696365267918,0.22876866898261264,0.0,0.0,0.0,0.0,0.0,0.0,0.0,0.0,0.0
1058,0.034781836112764655,0.2014268833349622,0.0,0.0,0.24724707471146926,0.0005010972608460014,0.00015281689515161747,0.24137783977326238,0.09266745444368431,0.060273826552824004,0.0,1.7769406412978774e-06,0.0,0.0,0.12156228621182909,0.0,0.0,0.0,7.1077625651915095e-06,0.0
1059,0.0,0.0,0.0,0.0,0.0,0.0,0.0,0.0,0.0,0.0,0.0,0.0,0.0,0.0,0.0,0.0,0.7642355157125976,0.23576448428740238,0.0,0.0
1060,5.330821923893632e-06,0.266805860350235,0.0,0.00046378150737874603,0.5586736915053353,0.0,0.07202473501372687,0.0002381100459339156,0.040388083836059456,0.06088864801471307,0.0,9.950867591268114e-05,0.0,0.0,0.0004104732881398097,1.7769406412978774e-06,0.0,0.0,0.0,0.0
1061,0.0,0.0,0.0,0.0,0.0,0.0,1.0,0.0,0.0,0.0,0.0,0.0,0.0,0.0,0.0,0.0,0.0,0.0,0.0,0.0
1062,0.0,0.0,0.0,0.0,0.0,0.0,0.025504429024548435,0.9744955709754516,0.0,0.0,0.0,0.0,0.0,0.0,0.0,0.0,0.0,0.0,0.0,0.0
1063,0.0,0.0,0.0,0.0,0.0,1.0,0.0,0.0,0.0,0.0,0.0,0.0,0.0,0.0,0.0,0.0,0.0,0.0,0.0,0.0
1064,0.0,0.0,0.0,0.0,0.0,0.0,0.0,1.0,0.0,0.0,0.0,0.0,0.0,0.0,0.0,0.0,0.0,0.0,0.0,0.0
1065,0.0,0.0,0.0,0.0,0.0,0.0,0.0,0.0,0.0,0.0,0.0009364477179639814,0.0,0.0,0.0,0.0009275630147574921,0.9981359892672785,0.0,0.0,0.0,0.0
1066,0.0,0.0,0.0,0.0,0.0,0.0,0.0,0.0,0.0,0.0,0.0,0.0,0.0,0.0,0.0,0.0,0.0,0.0,0.0,1.0
1067,0.02199497125798513,0.0,0.0,0.002915959592369817,0.0,0.0,0.0,1.7769406412978774e-06,0.0,0.0,0.0,0.0,0.0,0.971688004762201,0.0,0.0,0.0033992874468028395,0.0,0.0,0.0
1068,0.0,0.05413805051842243,0.0,0.022186880847245297,0.024468472630671773,0.0,0.0,0.0,0.0006503602747150232,0.0,0.0,0.8971080291062877,0.00144820662265777,0.0,0.0,0.0,0.0,0.0,0.0,0.0
1069,0.0,0.0,0.0,0.0,0.0,0.0,0.0,0.0,0.0,0.0,0.0,0.0,1.0,0.0,0.0,0.0,0.0,0.0,0.0,0.0
1070,3.5538812825957547e-06,0.29428802430854795,0.0,0.00017769406412978774,0.697593133901362,0.0,4.4423516032446935e-05,0.0001101703197604684,0.0038026529723774577,0.00017058630156459623,0.0033246559398683287,1.7769406412978774e-06,0.0,0.00018302488605368138,8.7070091423596e-05,2.132328769557453e-05,0.00018302488605368138,8.884703206489387e-06,0.0,0.0
1071,0.0,0.0,0.0,0.0,0.0,0.0,0.0,1.0,0.0,0.0,0.0,0.0,0.0,0.0,0.0,0.0,0.0,0.0,0.0,0.0
1072,0.0,0.0,0.0,0.0,0.0,0.0,0.0,0.0,0.0,0.0,0.0,0.0,0.0,1.7769406412978774e-06,0.0,0.0,0.07084662336854637,0.0,0.9291515996908123,0.0
1073,0.0,0.0,0.0,0.0,0.003552104341954457,0.0,0.0,0.0,0.0,8.884703206489387e-06,0.0,0.0,0.0,0.0,0.0,0.0,0.13599637504109174,0.8604426359137473,0.0,0.0
1074,0.0,0.0,0.0,0.0,0.0,1.0,0.0,0.0,0.0,0.0,0.0,0.0,0.0,0.0,0.0,0.0,0.0,0.0,0.0,0.0
1075,0.0,0.0,0.0,0.0,0.9997743285385552,0.0,0.0,0.0,0.0,0.00022567146144483044,0.0,0.0,0.0,0.0,0.0,0.0,0.0,0.0,0.0,0.0
1076,0.12375858484447327,0.7721908789636882,0.0,5.6862100521532076e-05,0.04785478841079314,0.0,0.055280623350776964,1.7769406412978774e-06,2.8431050260766038e-05,0.0008049541105079385,0.0,2.3100228336872406e-05,0.0,0.0,0.0,0.0,0.0,0.0,0.0,0.0
1077,0.0,0.0,0.0,0.0,0.0,0.0,0.0,0.0,0.0,0.0,0.0,0.0,1.0,0.0,0.0,0.0,0.0,0.0,0.0,0.0
1078,0.0,0.0,0.0,0.0,0.0,0.0,0.0,0.0,0.0,1.7769406412978774e-06,0.9585901752951943,0.0,0.0,0.0,0.00035183424697697975,0.04105621351718746,0.0,0.0,0.0,0.0
1079,0.0,0.0,0.0,0.0,0.0,0.0,0.0,0.0,0.0,0.0,0.0,0.0,0.0,0.0,0.0,0.0,0.0,1.0,0.0,0.0
1080,0.0,0.0,0.0,0.0,0.0,0.0,0.0,0.0,0.0,0.0,0.8484358480004975,0.0,0.0,0.0,0.0,0.15156415199950246,0.0,0.0,0.0,0.0
1081,1.0,0.0,0.0,0.0,0.0,0.0,0.0,0.0,0.0,0.0,0.0,0.0,0.0,0.0,0.0,0.0,0.0,0.0,0.0,0.0
1082,0.0,0.0,0.0,0.9999982230593587,0.0,0.0,0.0,0.0,0.0,0.0,0.0,1.7769406412978774e-06,0.0,0.0,0.0,0.0,0.0,0.0,0.0,0.0
1083,0.0,0.0,0.0,0.0,0.0,0.0,0.0,0.0,0.0,0.0,0.0,0.0,1.0,0.0,0.0,0.0,0.0,0.0,0.0,0.0
1084,0.0025339173544907732,0.10727746039643546,0.0,0.0,0.1659253862624719,0.0,0.7241619503700479,0.0,6.219292244542571e-05,1.7769406412978774e-06,0.0,3.731575346725543e-05,0.0,0.0,0.0,0.0,0.0,0.0,0.0,0.0
1085,0.0,5.330821923893632e-06,0.0,0.0,5.330821923893632e-06,0.0,8.884703206489387e-06,0.0,3.9092694108553306e-05,7.996232885840449e-05,0.0,0.9998578447486962,0.0,3.5538812825957547e-06,0.0,0.0,0.0,0.0,0.0,0.0
1086,0.0,0.0,0.0,0.0,0.0,0.0,0.0,0.0,0.0,0.0,0.0,0.0,0.0,0.0,0.0,0.0,0.0,0.0,1.0,0.0
1087,0.0,0.0,0.0,0.0,0.0,0.0,0.0,0.0,0.0,0.0,0.0,0.0,0.0,0.0,0.0,0.0,0.9991221913231988,0.0008778086768011515,0.0,0.0
1088,0.0,0.0,0.0,0.0,0.0,0.0,0.0,0.0,0.0,0.0,0.9998791680363918,0.0,0.0,0.0,0.0,0.00012083196360825567,0.0,0.0,0.0,0.0
1089,0.1277389318809805,0.0,0.0,0.0,0.0,0.0,0.8722610681190195,0.0,0.0,0.0,0.0,0.0,0.0,0.0,0.0,0.0,0.0,0.0,0.0,0.0
1090,0.0,0.0,0.0,0.0,0.0,0.9999982230593587,0.0,0.0,1.7769406412978774e-06,0.0,0.0,0.0,0.0,0.0,0.0,0.0,0.0,0.0,0.0,0.0
1091,1.7769406412978774e-06,0.029422583138610254,0.0,1.7769406412978774e-06,0.9467681892086395,0.0,0.0004726662105852354,0.0,7.1077625651915095e-06,0.02328147628228479,7.1077625651915095e-06,5.330821923893632e-06,0.0,0.0,3.0207990902063918e-05,1.7769406412978774e-06,0.0,0.0,0.0,0.0
1092,0.0,0.0,0.0,0.0,0.0,0.0,0.0,0.0,0.0,4.4423516032446935e-05,0.0,0.9986779561628744,0.0,0.001277620321093174,0.0,0.0,0.0,0.0,0.0,0.0
1093,0.0,0.0,0.0,0.0,0.0,0.0,0.0,0.0,0.0,0.0,0.0,0.0,0.0,0.0,1.7769406412978774e-06,0.9410411095217365,0.05894289801249189,1.4215525130383019e-05,0.0,0.0
1094,0.0,0.0,0.0,0.0,0.0,0.0,0.0,0.0,0.0,0.0,0.0,0.0,0.0,0.0,0.8680159569269589,0.0,0.13198404307304115,0.0,0.0,0.0
1095,0.0010572796815722372,0.00028431050260766037,0.001695201371798175,0.14226186774230806,0.605977628317326,0.0,0.001927980595808197,1.7769406412978774e-06,0.013936545449699253,0.08275745648716605,0.0002132328769557453,0.0017573942942436009,0.0,0.0,0.013307508462679803,0.13482181727719386,0.0,0.0,0.0,0.0
1096,0.0,0.0,0.1871260650537969,0.0,0.007448935168320702,0.6570060327134772,0.0,0.0,0.0,0.0,0.0,0.0,0.0,0.0,0.14841896706440522,0.0,0.0,0.0,0.0,0.0
1097,0.0,0.006656419642301849,0.0,0.0,0.016019119881300364,0.0,0.0,3.5538812825957547e-06,0.9771840821657353,0.00013327054809734082,0.0,0.0,0.0,0.0,3.5538812825957547e-06,0.0,0.0,0.0,0.0,0.0
1098,0.0,0.0030812150720105195,0.0,0.0,0.019912396826384016,0.9699021794176965,0.006885644985029275,0.00015281689515161747,0.0,1.4215525130383019e-05,4.975433795634057e-05,0.0,0.0,0.0,0.0,1.7769406412978774e-06,0.0,0.0,0.0,0.0
1099,0.0,0.0,0.0,0.0,0.0,0.0,0.0,0.0,0.0,0.0,0.0002114559363144474,0.0,0.0,0.0,0.0,0.9997885440636856,0.0,0.0,0.0,0.0
1100,0.0,0.0,0.0,0.0,0.0,0.0,1.0,0.0,0.0,0.0,0.0,0.0,0.0,0.0,0.0,0.0,0.0,0.0,0.0,0.0
1101,0.0,0.0,0.0,0.0,0.002389985162545645,0.0,0.9781045374179276,0.0,0.0,0.0,0.019505477419526802,0.0,0.0,0.0,0.0,0.0,0.0,0.0,0.0,0.0
1102,1.7769406412978774e-06,0.9741188595594964,0.0,0.014368342025534638,0.0006325908683020443,0.0,0.00455429886364646,3.731575346725543e-05,5.330821923893632e-06,3.5538812825957547e-06,1.4215525130383019e-05,5.330821923893632e-06,0.0,0.0,0.006258384938651124,0.0,0.0,0.0,0.0,0.0
1103,0.0,0.0,0.0,0.0,0.0,0.0,0.0,0.0,0.0,0.0,0.0,1.0,0.0,0.0,0.0,0.0,0.0,0.0,0.0,0.0
1104,0.0,0.0,0.0,0.0,0.0,0.0,1.0,0.0,0.0,0.0,0.0,0.0,0.0,0.0,0.0,0.0,0.0,0.0,0.0,0.0
1105,0.0,0.0,0.0,0.0,0.0,0.0,0.0,0.0,0.0,0.0,0.0,0.0,0.0,0.0,0.0,0.0,0.9999857844748696,1.4215525130383019e-05,0.0,0.0
1106,0.00015992465771680898,0.29658027773582224,0.0,0.0,0.46339235737830176,0.00011372420104306415,0.0,0.006924737679137829,0.022044725595941467,0.00437838174015797,0.20638632466482457,0.0,0.0,0.0,0.0,1.9546347054276653e-05,0.0,0.0,0.0,0.0
1107,0.7829324851403339,0.10773235720060771,0.0,0.003598304798628202,0.10290263253756009,0.0,0.0,0.0,2.132328769557453e-05,0.0026938420122075823,0.0,0.0001190550229669578,0.0,0.0,0.0,0.0,0.0,0.0,0.0,0.0
1108,0.0,0.0,0.0,0.0,0.0,0.0,0.0,0.0,0.0,0.0,0.0,0.0,1.0,0.0,0.0,0.0,0.0,0.0,0.0,0.0
1109,0.08014890762574076,0.0,0.0,0.5566639716400273,0.009501301609019751,0.0,0.3506330351034624,0.0,0.0,0.0,0.0,0.0030527840217497533,0.0,0.0,0.0,0.0,0.0,0.0,0.0,0.0
1110,0.0,0.0,0.0,0.0,0.0,0.0,0.0,0.0,0.0,0.0,0.0,0.0,0.0,0.0,0.0,0.0,0.0,0.0,0.0,1.0
1111,0.724574200598829,0.012319529466118185,0.0,0.2564391886489032,0.0008298312794861088,0.0,7.1077625651915095e-06,0.005759064618446421,0.0,0.0,0.0,3.5538812825957547e-06,6.752374436931934e-05,0.0,0.0,0.0,0.0,0.0,0.0,0.0
1112,0.34117971089175764,0.5742023757696374,0.0,0.03925261876627011,0.008969996357271685,0.0,0.034581041820297996,0.0017893792257869625,1.2438584489085143e-05,0.0,1.7769406412978774e-06,1.0661643847787265e-05,0.0,0.0,0.0,0.0,0.0,0.0,0.0,0.0
1113,0.0,0.0,0.0,0.0,0.0,0.0,1.5992465771680897e-05,0.0,0.0,0.0,0.9992110383552637,0.0,0.0,0.0,0.0,0.00012793972617344718,0.0006450294527911295,0.0,0.0,0.0
1114,0.0887457464483399,0.30945065880074274,0.0,5.50851598802342e-05,0.11537853278011248,0.47580073387648486,0.01038977192966869,0.00016703242028200048,1.7769406412978774e-06,1.7769406412978774e-06,7.1077625651915095e-06,0.0,0.0,0.0,0.0,1.7769406412978774e-06,0.0,0.0,0.0,0.0
1115,0.0,0.0,0.0,0.0,0.0,0.0,0.0,0.0,0.0,0.0,0.0,0.0,1.0,0.0,0.0,0.0,0.0,0.0,0.0,0.0
1116,0.0,0.0,0.0,0.0,0.0,0.0,0.0,0.36202500155482303,0.0,0.0,0.24022460529706005,0.0,0.0,0.0,0.0,0.3977503931481169,0.0,0.0,0.0,0.0
1117,0.0,0.0,0.0,0.0,0.02521478770001688,0.0,0.0,4.264657539114906e-05,0.0002061251143905538,5.330821923893632e-06,0.9745311097882775,0.0,0.0,0.0,0.0,0.0,0.0,0.0,0.0,0.0
1118,0.03428251579255995,0.708300978205823,0.0,0.048762805078496355,0.030828143185876875,0.0,0.06841576857125088,0.00015281689515161747,3.5538812825957547e-06,0.0,0.0,0.10923209510186312,0.0,2.132328769557453e-05,0.0,0.0,0.0,0.0,0.0,0.0
1119,0.0,0.0,0.0,0.0,0.0,0.0,0.0,0.9048004051424662,0.0,0.0,0.0,1.7769406412978774e-06,0.0,3.5538812825957547e-06,0.0,0.0,0.0951907101543273,1.7769406412978774e-06,1.7769406412978774e-06,0.0
1120,2.8431050260766038e-05,0.22718008404929232,0.0,0.0038915000044423514,0.0062299538883903586,0.7383223903405507,0.023789681305695982,0.00036604977210736276,0.0,0.0,1.7769406412978774e-06,0.00018480182669497924,0.0,0.0,0.0,0.0,5.330821923893632e-06,0.0,0.0,0.0
1121,0.0,0.0,0.0,0.0,0.0,0.0,0.0,0.0,0.0,0.0,1.0,0.0,0.0,0.0,0.0,0.0,0.0,0.0,0.0,0.0
1122,1.9546347054276653e-05,0.3555196218670315,0.0,0.0,0.004079855712419926,0.0,0.13037591179266655,0.10645118299823195,0.0001101703197604684,0.0,2.4877168978170285e-05,1.0661643847787265e-05,0.0,1.9546347054276653e-05,0.22717475322736844,0.06344388865689941,0.1106803017245209,0.002089682194166304,0.0,0.0
1123,0.0,0.0,0.0,0.9605785718728066,0.0,0.0,0.0,0.0,0.0,0.0,0.0,0.03942142812719341,0.0,0.0,0.0,0.0,0.0,0.0,0.0,0.0
1124,0.0,0.0,0.0,0.0,0.0,1.0,0.0,0.0,0.0,0.0,0.0,0.0,0.0,0.0,0.0,0.0,0.0,0.0,0.0,0.0
1125,0.11445985446856148,0.09140049576643892,1.2438584489085143e-05,0.0033992874468028395,0.025627037928797988,0.0,0.023928282675717217,0.27328636286904834,0.0015050687231793023,0.012008564853891056,0.0,0.2882979574067328,0.0,0.0,0.1660746492763409,0.0,0.0,0.0,0.0,0.0
1126,0.0,0.058352953719581,0.0,0.03202580117811164,0.024505788384139027,0.0,0.00025587945234689435,0.7534086163851696,0.000609490639965172,0.00015637077643421322,0.07331657085995043,0.0,0.0,0.0,0.05706289481399874,0.00030563379030323494,0.0,0.0,0.0,0.0
1127,0.0,0.0022318374454701343,0.0,0.0,4.975433795634057e-05,0.837038550727213,0.0,0.16067985748936056,0.0,0.0,0.0,0.0,0.0,0.0,0.0,0.0,0.0,0.0,0.0,0.0
1128,0.0,0.01639227741597292,0.0,0.0,0.2371735982159516,0.0,2.665410961946816e-05,0.012024557319662737,0.000188355707977575,9.062397270619175e-05,0.09522980284843585,0.0,0.0,0.0,0.13342869581441633,0.5054454345952574,0.0,0.0,0.0,0.0
1129,0.0,0.01779783746323954,0.0,0.0,0.018265172851900883,0.0,0.0,0.4247545600739207,0.000348280365694384,0.029957442271640915,1.7769406412978773e-05,0.0,0.0,0.0,0.5084875569731593,0.0003713805940312564,0.0,0.0,0.0,0.0
1130,0.0,0.06174157952253605,0.0,0.00030918767158583067,0.02539070482350537,0.0,0.0,0.790276580810818,0.01601734294065907,0.0002043481737492559,0.0,2.665410961946816e-05,0.0,0.0,0.10603360194752694,0.0,0.0,0.0,0.0,0.0
1131,0.057544445727790466,0.00019901735182536228,0.0,0.0,0.00040336552557461815,0.0,0.0,0.9411957033575293,2.665410961946816e-05,3.5538812825957547e-06,0.0,0.0,1.0661643847787265e-05,0.0,0.0006165984025303634,0.0,0.0,0.0,0.0,0.0
1132,0.0,0.004147379456789246,0.0,0.0,0.0038435226071273088,0.0,0.0,0.002126997947633559,0.006837667587714233,0.00039981164429202243,0.0,6.0415981804127835e-05,0.0,0.0,0.9825824278339982,0.0,0.0,1.7769406412978774e-06,0.0,0.0
1133,0.00015103995451031958,0.01583964887652928,1.7769406412978774e-06,0.0,0.050067079509208995,0.0,0.3679653141186819,0.006587118957291232,0.07519124323651968,0.04697875667463328,0.0,3.5538812825957547e-06,0.0,1.7769406412978774e-06,0.43721269091006015,0.0,0.0,0.0,0.0,0.0
